Date,Ref Price,CE Strike,CE Entry,CE SL Level,CE Exit,CE PnL,PE Strike,PE Entry,PE SL Level,PE Exit,PE PnL,Total PnL,CE Status,PE Status,CE pct,PE pct,CE pct.1,PE pct.1,net pnl,cum pnl,CE_Qty_BTC,PE_Qty_BTC,CE_Entry_Fee_pct,PE_Entry_Fee_pct,CE_Exit_Fee_pct,PE_Exit_Fee_pct,Total_Commissions_pct,True_Net_PnL_After_Fees
2025-01-01 00:00:00,93921,C-BTC-97600-010125,47,188,1,46,P-BTC-90400-010125,49,196,1,48,94,TP Hit,TP Hit,0.978723404,0.979591837,1,1,2,2,0.021,0.02,0.0407631,0.040474,0.0008673,0.000826,0.0829304,1.9170696
2025-01-02 00:00:00,94354.2,C-BTC-96000-020125,113,452,452,-339,P-BTC-91400-020125,32,128,1,31,-308,SL Hit,TP Hit,-3,0.96875,-3,1,-2,0,0.009,0.031,0.0420021,0.0409696,0.10020416,0.0012803,0.18445616,-2.18445616
2025-01-03 00:00:00,97257.8,C-BTC-99000-030125,195,780,1,194,P-BTC-95000-030125,105,420,1,104,298,TP Hit,TP Hit,0.994871795,0.99047619,1,1,2,2,0.005,0.01,0.0402675,0.043365,0.0002065,0.000413,0.084252,1.915748
2025-01-04 00:00:00,98662,C-BTC-101200-040125,36,144,1,35,P-BTC-96000-040125,30,120,1,29,64,TP Hit,TP Hit,0.972222222,0.966666667,1,1,2,4,0.028,0.033,0.0416304,0.040887,0.0011564,0.0013629,0.0850367,1.9149633
2025-01-05 00:00:00,97983.9,C-BTC-99600-050125,40,160,1,39,P-BTC-97000-050125,53.2,212.8,1,52.2,91.2,TP Hit,TP Hit,0.975,0.981203008,1,1,2,6,0.025,0.019,0.0413,0.04174604,0.0010325,0.0007847,0.08486324,1.91513676
2025-01-06 00:00:00,97884.4,C-BTC-99400-060125,93,372,372,-279,P-BTC-95800-060125,40,160,1,39,-240,SL Hit,TP Hit,-3,0.975,-3,1,-2,4,0.011,0.025,0.0422499,0.0413,0.127053951,0.0010325,0.211636351,-2.211636351
2025-01-07 00:00:00,101714.4,C-BTC-104800-070125,49,196,1,48,P-BTC-99000-070125,69,276,1,68,116,TP Hit,TP Hit,0.979591837,0.985507246,1,1,2,6,0.02,0.014,0.040474,0.0398958,0.000826,0.0005782,0.081774,1.918226
2025-01-08 00:00:00,96838.8,C-BTC-98600-080125,154,616,1,153,P-BTC-94400-080125,88,352,1,87,240,TP Hit,TP Hit,0.993506494,0.988636364,1,1,2,8,0.006,0.011,0.0381612,0.0399784,0.0002478,0.0004543,0.0788417,1.9211583
2025-01-09 00:00:00,94322.4,C-BTC-98000-090125,53,212,1,52,P-BTC-92000-090125,169,676,1,168,220,TP Hit,TP Hit,0.981132075,0.99408284,1,1,2,10,0.019,0.006,0.0415891,0.0418782,0.0007847,0.0002478,0.0844998,1.9155002
2025-01-10 00:00:00,92864.3,C-BTC-96000-100125,54,216,1,53,P-BTC-89000-100125,50,200,1,49,102,TP Hit,TP Hit,0.981481481,0.98,1,1,2,12,0.019,0.02,0.0423738,0.0413,0.0007847,0.000826,0.0852845,1.9147155
2025-01-11 00:00:00,94792.4,C-BTC-97000-110125,87,348,1,86,P-BTC-91400-110125,55,220,1,54,140,TP Hit,TP Hit,0.988505747,0.981818182,1,1,2,14,0.011,0.018,0.0395241,0.040887,0.0004543,0.0007434,0.0816088,1.9183912
2025-01-12 00:00:00,94239.5,C-BTC-95800-120125,32,128,1,31,P-BTC-92800-120125,43,172,1,42,73,TP Hit,TP Hit,0.96875,0.976744186,1,1,2,16,0.031,0.023,0.0409696,0.0408457,0.0012803,0.0009499,0.0840455,1.9159545
2025-01-13 00:00:00,95005.3,C-BTC-96000-130125,262,1048,1,261,P-BTC-92200-130125,34,136,136,-102,159,TP Hit,SL Hit,0.996183206,-3,1,-3,-2,14,0.004,0.029,0.0432824,0.0407218,0.0001652,0.1628872,0.2470566,-2.2470566
2025-01-14 00:00:00,92092.1,C-BTC-94000-140125,179,716,716,-537,P-BTC-89200-140125,72,288,1,71,-466,SL Hit,TP Hit,-3,0.986111111,-3,1,-2,12,0.006,0.014,0.0443562,0.0416304,0.065201207,0.0005782,0.151766007,-2.151766007
2025-01-15 00:00:00,96689.7,C-BTC-100000-150125,50,200,1,49,P-BTC-92600-150125,35,140,1,34,83,TP Hit,TP Hit,0.98,0.971428571,1,1,2,14,0.02,0.029,0.0413,0.0419195,0.000826,0.0011977,0.0852432,1.9147568
2025-01-16 00:00:00,99449.1,C-BTC-102000-160125,79,316,1,78,P-BTC-97000-160125,83,332,1,82,160,TP Hit,TP Hit,0.987341772,0.987951807,1,1,2,16,0.013,0.012,0.0424151,0.0411348,0.0005369,0.0004956,0.0845824,1.9154176
2025-01-17 00:00:00,99433.3,C-BTC-100000-170125,459,1836,1836,-1377,P-BTC-97000-170125,99,396,1,98,-1279,SL Hit,TP Hit,-3,0.98989899,-3,1,-2,14,0.002,0.01,0.023466259,0.040887,0.023466259,0.000413,0.088232518,-2.088232518
2025-01-18 00:00:00,104833.6,C-BTC-107200-180125,150,600,1,149,P-BTC-102000-180125,78,312,1,77,226,TP Hit,TP Hit,0.993333333,0.987179487,1,1,2,16,0.007,0.013,0.043365,0.0418782,0.0002891,0.0005369,0.0860692,1.9139308
2025-01-19 00:00:00,104217.2,C-BTC-106800-190125,38,152,1,37,P-BTC-102000-190125,51,204,1,50,87,TP Hit,TP Hit,0.973684211,0.980392157,1,1,2,18,0.026,0.02,0.0408044,0.042126,0.0010738,0.000826,0.0848302,1.9151698
2025-01-20 00:00:00,104999,C-BTC-110000-200125,86,344,344,-258,P-BTC-102000-200125,103,412,412,-309,-567,SL Hit,SL Hit,-3,-3,-3,-3,-6,12,0.012,0.01,0.0426216,0.042539,0.148678584,0.12389882,0.357738004,-6.357738004
2025-01-21 00:00:00,103645.8,C-BTC-111200-210125,230,920,1,229,P-BTC-96000-210125,165,660,1,164,393,TP Hit,TP Hit,0.995652174,0.993939394,1,1,2,14,0.004,0.006,0.037996,0.040887,0.0001652,0.0002478,0.079296,1.920704
2025-01-22 00:00:00,106675.1,C-BTC-113600-220125,64,256,1,63,P-BTC-100000-220125,62,248,1,61,124,TP Hit,TP Hit,0.984375,0.983870968,1,1,2,16,0.016,0.016,0.0422912,0.0409696,0.0006608,0.0006608,0.0845824,1.9154176
2025-01-23 00:00:00,104060.8,C-BTC-109200-230125,35,140,1,34,P-BTC-100400-230125,69,276,1,68,102,TP Hit,TP Hit,0.971428571,0.985507246,1,1,2,18,0.029,0.014,0.0419195,0.0398958,0.0011977,0.0005782,0.0835912,1.9164088
2025-01-24 00:00:00,105436.5,C-BTC-113000-240125,79,316,1,78,P-BTC-103000-240125,343,1372,1,342,420,TP Hit,TP Hit,0.987341772,0.997084548,1,1,2,20,0.013,0.003,0.0424151,0.037324521,0.0005369,0.0001239,0.080400421,1.919599579
2025-01-25 00:00:00,106350.6,C-BTC-110000-250125,53,212,1,52,P-BTC-103000-250125,50,200,1,49,101,TP Hit,TP Hit,0.981132075,0.98,1,1,2,22,0.019,0.02,0.0415891,0.0413,0.0007847,0.000826,0.0844998,1.9155002
2025-01-26 00:00:00,105003.9,C-BTC-107200-260125,31,124,1,30,P-BTC-103000-260125,44,176,1,43,73,TP Hit,TP Hit,0.967741935,0.977272727,1,1,2,24,0.032,0.023,0.0409696,0.0417956,0.0013216,0.0009499,0.0850367,1.9149633
2025-01-27 00:00:00,105217.9,C-BTC-109200-270125,30,120,1,29,P-BTC-104000-270125,187,748,748,-561,-532,TP Hit,SL Hit,0.966666667,-3,1,-3,-2,22,0.033,0.005,0.040887,0.0386155,0.0013629,0.062078561,0.142943961,-2.142943961
2025-01-28 00:00:00,99451.4,C-BTC-105600-280125,30,120,1,29,P-BTC-95600-280125,84,336,1,83,112,TP Hit,TP Hit,0.966666667,0.988095238,1,1,2,24,0.033,0.012,0.040887,0.0416304,0.0013629,0.0004956,0.0843759,1.9156241
2025-01-29 00:00:00,102184.4,C-BTC-104400-290125,90,360,1,89,P-BTC-98000-290125,48,192,1,47,136,TP Hit,TP Hit,0.988888889,0.979166667,1,1,2,26,0.011,0.021,0.040887,0.0416304,0.0004543,0.0008673,0.083839,1.916161
2025-01-30 00:00:00,102577.4,C-BTC-108000-300125,58,232,1,57,P-BTC-96400-300125,54,216,1,53,110,TP Hit,TP Hit,0.982758621,0.981481481,1,1,2,28,0.017,0.019,0.0407218,0.0423738,0.0007021,0.0007847,0.0845824,1.9154176
2025-01-31 00:00:00,105537.6,C-BTC-106600-310125,423.9,1695.6,1,422.9,P-BTC-100000-310125,36,144,1,35,457.9,TP Hit,TP Hit,0.997640953,0.972222222,1,1,2,30,0.002,0.028,0.024906874,0.0416304,0.0000826,0.0011564,0.067776274,1.932223726
2025-02-01 00:00:00,102724.4,C-BTC-105800-010225,38,152,1,37,P-BTC-98800-010225,37,148,1,36,73,TP Hit,TP Hit,0.973684211,0.972972973,1,1,2,32,0.026,0.027,0.0408044,0.0412587,0.0010738,0.0011151,0.084252,1.915748
2025-02-02 00:00:00,102022.3,C-BTC-102800-020225,113,452,1,112,P-BTC-101200-020225,97,388,388,-291,-179,TP Hit,SL Hit,0.991150442,-3,1,-3,-2,30,0.009,0.01,0.0420021,0.040061,0.0003717,0.120386314,0.202821114,-2.202821114
2025-02-03 00:00:00,97006.5,C-BTC-100000-030225,167,668,1,166,P-BTC-94400-030225,294,1176,1176,-882,-716,TP Hit,SL Hit,0.994011976,-3,1,-3,-2,28,0.006,0.003,0.0413826,0.034340301,0.0002478,0.034340301,0.110311002,-2.110311002
2025-02-04 00:00:00,100087.4,C-BTC-104400-040225,90,360,1,89,P-BTC-94400-040225,51,204,1,50,139,TP Hit,TP Hit,0.988888889,0.980392157,1,1,2,30,0.011,0.02,0.040887,0.042126,0.0004543,0.000826,0.0842933,1.9157067
2025-02-05 00:00:00,99353.4,C-BTC-102000-050225,234,936,1,233,P-BTC-94000-050225,60,240,1,59,292,TP Hit,TP Hit,0.995726496,0.983333333,1,1,2,32,0.004,0.017,0.0386568,0.042126,0.0001652,0.0007021,0.0816501,1.9183499
2025-02-06 00:00:00,96652.7,C-BTC-100800-060225,49,196,1,48,P-BTC-92000-060225,64,256,1,63,111,TP Hit,TP Hit,0.979591837,0.984375,1,1,2,34,0.02,0.016,0.040474,0.0422912,0.000826,0.0006608,0.084252,1.915748
2025-02-07 00:00:00,96184.9,C-BTC-100000-070225,46,184,1,45,P-BTC-92000-070225,50,200,1,49,94,TP Hit,TP Hit,0.97826087,0.98,1,1,2,36,0.022,0.02,0.0417956,0.0413,0.0009086,0.000826,0.0848302,1.9151698
2025-02-08 00:00:00,97769.7,C-BTC-100000-080225,55,220,1,54,P-BTC-94000-080225,46,184,1,45,99,TP Hit,TP Hit,0.981818182,0.97826087,1,1,2,38,0.018,0.022,0.040887,0.0417956,0.0007434,0.0009086,0.0843346,1.9156654
2025-02-09 00:00:00,96511.4,C-BTC-98200-090225,45,180,1,44,P-BTC-95400-090225,72,288,1,71,115,TP Hit,TP Hit,0.977777778,0.986111111,1,1,2,40,0.022,0.014,0.040887,0.0416304,0.0009086,0.0005782,0.0840042,1.9159958
2025-02-10 00:00:00,96157,C-BTC-98800-100225,56,224,1,55,P-BTC-95600-100225,404,1616,1,403,458,TP Hit,TP Hit,0.982142857,0.997524752,1,1,2,42,0.018,0.002,0.0416304,0.022693052,0.0007434,0.0000826,0.065149452,1.934850548
2025-02-11 00:00:00,97542.1,C-BTC-99600-110225,77,308,1,76,P-BTC-94800-110225,35,140,1,34,110,TP Hit,TP Hit,0.987012987,0.971428571,1,1,2,44,0.013,0.029,0.0413413,0.0419195,0.0005369,0.0011977,0.0849954,1.9150046
2025-02-12 00:00:00,95533.3,C-BTC-98600-120225,36,144,1,35,P-BTC-92400-120225,50,200,1,49,84,TP Hit,TP Hit,0.972222222,0.98,1,1,2,46,0.028,0.02,0.0416304,0.0413,0.0011564,0.000826,0.0849128,1.9150872
2025-02-13 00:00:00,96920.3,C-BTC-98400-130225,156,624,1,155,P-BTC-94400-130225,65,260,1,64,219,TP Hit,TP Hit,0.993589744,0.984615385,1,1,2,48,0.006,0.015,0.0386568,0.0402675,0.0002478,0.0006195,0.0797916,1.9202084
2025-02-14 00:00:00,95984.9,C-BTC-98000-140225,111,444,1,110,P-BTC-93000-140225,40,160,1,39,149,TP Hit,TP Hit,0.990990991,0.975,1,1,2,50,0.009,0.025,0.0412587,0.0413,0.0003717,0.0010325,0.0839629,1.9160371
2025-02-15 00:00:00,98302.2,C-BTC-101200-150225,30,120,1,29,P-BTC-96400-150225,66,264,1,65,94,TP Hit,TP Hit,0.966666667,0.984848485,1,1,2,52,0.033,0.015,0.040887,0.040887,0.0013629,0.0006195,0.0837564,1.9162436
2025-02-16 00:00:00,97588.6,C-BTC-99000-160225,35,140,1,34,P-BTC-96200-160225,31,124,1,30,64,TP Hit,TP Hit,0.971428571,0.967741935,1,1,2,54,0.029,0.032,0.0419195,0.0409696,0.0011977,0.0013216,0.0854084,1.9145916
2025-02-17 00:00:00,96891.3,C-BTC-99000-170225,53,212,1,52,P-BTC-94400-170225,41,164,1,40,92,TP Hit,TP Hit,0.981132075,0.975609756,1,1,2,56,0.019,0.024,0.0415891,0.0406392,0.0007847,0.0009912,0.0840042,1.9159958
2025-02-18 00:00:00,95250.9,C-BTC-97600-180225,32,128,1,31,P-BTC-94800-180225,321,1284,1,320,351,TP Hit,TP Hit,0.96875,0.996884735,1,1,2,58,0.031,0.003,0.0409696,0.033718819,0.0012803,0.0001239,0.076092619,1.923907381
2025-02-19 00:00:00,93817.6,C-BTC-97000-190225,35,140,1,34,P-BTC-92000-190225,125,500,1,124,158,TP Hit,TP Hit,0.971428571,0.992,1,1,2,60,0.029,0.008,0.0419195,0.0413,0.0011977,0.0003304,0.0847476,1.9152524
2025-02-20 00:00:00,95624.8,C-BTC-97600-200225,55,220,220,-165,P-BTC-94400-200225,99,396,1,98,-67,SL Hit,TP Hit,-3,0.98989899,-3,1,-2,58,0.018,0.01,0.040887,0.040887,0.163548,0.000413,0.245735,-2.245735
2025-02-21 00:00:00,98309.3,C-BTC-99000-210225,246,984,1,245,P-BTC-96800-210225,80,320,1,79,324,TP Hit,TP Hit,0.995934959,0.9875,1,1,2,60,0.004,0.012,0.0406392,0.039648,0.0001652,0.0004956,0.080948,1.919052
2025-02-22 00:00:00,96392.1,C-BTC-99000-220225,31,124,1,30,P-BTC-92800-220225,34,136,1,33,63,TP Hit,TP Hit,0.967741935,0.970588235,1,1,2,62,0.032,0.029,0.0409696,0.0407218,0.0013216,0.0011977,0.0842107,1.9157893
2025-02-23 00:00:00,96433.7,C-BTC-96800-230225,199,796,1,198,P-BTC-95600-230225,60,240,1,59,257,TP Hit,TP Hit,0.994974874,0.983333333,1,1,2,64,0.005,0.017,0.0410935,0.042126,0.0002065,0.0007021,0.0841281,1.9158719
2025-02-24 00:00:00,95733.7,C-BTC-98000-240225,62,248,1,61,P-BTC-92800-240225,30,120,1,29,90,TP Hit,TP Hit,0.983870968,0.966666667,1,1,2,66,0.016,0.033,0.0409696,0.040887,0.0006608,0.0013629,0.0838803,1.9161197
2025-02-25 00:00:00,94230.5,C-BTC-96800-250225,37,148,1,36,P-BTC-92000-250225,59,236,236,-177,-141,TP Hit,SL Hit,0.972972973,-3,1,-3,-2,64,0.027,0.017,0.0412587,0.0414239,0.0011151,0.1656956,0.2494933,-2.2494933
2025-02-26 00:00:00,87035.6,C-BTC-92000-260225,55,220,1,54,P-BTC-83200-260225,111,444,1,110,164,TP Hit,TP Hit,0.981818182,0.990990991,1,1,2,66,0.018,0.009,0.040887,0.0412587,0.0007434,0.0003717,0.0832608,1.9167392
2025-02-27 00:00:00,84265.6,C-BTC-90000-270225,33,132,1,32,P-BTC-81200-270225,287,1148,1,286,318,TP Hit,TP Hit,0.96969697,0.996515679,1,1,2,68,0.03,0.003,0.040887,0.029830022,0.001239,0.0001239,0.072079922,1.927920078
2025-02-28 00:00:00,84560.3,C-BTC-88000-280225,51,204,1,50,P-BTC-81000-280225,111,444,444,-333,-283,TP Hit,SL Hit,0.980392157,-3,1,-3,-2,66,0.02,0.009,0.042126,0.0412587,0.000826,0.089803039,0.174013739,-2.174013739
2025-03-01 00:00:00,84563,C-BTC-88600-010325,35,140,1,34,P-BTC-79000-010325,46,184,1,45,79,TP Hit,TP Hit,0.971428571,0.97826087,1,1,2,68,0.029,0.022,0.0419195,0.0417956,0.0011977,0.0009086,0.0858214,1.9141786
2025-03-02 00:00:00,85311.1,C-BTC-87000-020325,44,176,1,43,P-BTC-83000-020325,31,124,1,30,73,TP Hit,TP Hit,0.977272727,0.967741935,1,1,2,70,0.023,0.032,0.0417956,0.0409696,0.0009499,0.0013216,0.0850367,1.9149633
2025-03-03 00:00:00,92829.8,C-BTC-98800-030325,166,664,1,165,P-BTC-89400-030325,412,1648,1,411,576,TP Hit,TP Hit,0.993975904,0.997572816,1,1,2,72,0.006,0.002,0.0411348,0.021907833,0.0002478,0.0000826,0.063373033,1.936626967
2025-03-04 00:00:00,87470.7,C-BTC-94600-040325,38,152,1,37,P-BTC-80800-040325,46,184,184,-138,-101,TP Hit,SL Hit,0.973684211,-3,1,-3,-2,70,0.026,0.022,0.0408044,0.0417956,0.0010738,0.1671824,0.2508562,-2.2508562
2025-03-05 00:00:00,86698.2,C-BTC-93000-050325,40,160,1,39,P-BTC-80000-050325,78,312,1,77,116,TP Hit,TP Hit,0.975,0.987179487,1,1,2,72,0.025,0.013,0.0413,0.0418782,0.0010325,0.0005369,0.0847476,1.9152524
2025-03-06 00:00:00,89744.9,C-BTC-93200-060325,135,540,1,134,P-BTC-83000-060325,39,156,1,38,172,TP Hit,TP Hit,0.992592593,0.974358974,1,1,2,74,0.007,0.026,0.0390285,0.0418782,0.0002891,0.0010738,0.0822696,1.9177304
2025-03-07 00:00:00,88384.1,C-BTC-92800-070325,60,240,240,-180,P-BTC-87400-070325,533,2132,2132,-1599,-1779,SL Hit,SL Hit,-3,-3,-3,-3,-6,68,0.017,0.002,0.042126,0.020858648,0.168504,0.020858648,0.252347295,-6.252347295
2025-03-08 00:00:00,88802.9,C-BTC-94000-080325,97,388,1,96,P-BTC-82000-080325,95.6,382.4,1,94.6,190.6,TP Hit,TP Hit,0.989690722,0.989539749,1,1,2,70,0.01,0.01,0.040061,0.0394828,0.000413,0.000413,0.0803698,1.9196302
2025-03-09 00:00:00,85971.1,C-BTC-88400-090325,50,200,1,49,P-BTC-84000-090325,54,216,1,53,102,TP Hit,TP Hit,0.98,0.981481481,1,1,2,72,0.02,0.019,0.0413,0.0423738,0.000826,0.0007847,0.0852845,1.9147155
2025-03-10 00:00:00,82759.9,C-BTC-86200-100325,101,404,1,100,P-BTC-79600-100325,219,876,1,218,318,TP Hit,TP Hit,0.99009901,0.99543379,1,1,2,74,0.01,0.005,0.041713,0.0452235,0.000413,0.0002065,0.087556,1.912444
2025-03-11 00:00:00,77899.6,C-BTC-83800-110325,40,160,1,39,P-BTC-75200-110325,310,1240,1,309,348,TP Hit,TP Hit,0.975,0.996774194,1,1,2,76,0.025,0.003,0.0413,0.027576458,0.0010325,0.0001239,0.070032858,1.929967142
2025-03-12 00:00:00,83324.5,C-BTC-88800-120325,34,136,1,33,P-BTC-77800-120325,37,148,1,36,69,TP Hit,TP Hit,0.970588235,0.972972973,1,1,2,78,0.029,0.027,0.0407218,0.0412587,0.0011977,0.0011151,0.0842933,1.9157067
2025-03-13 00:00:00,82537.8,C-BTC-85000-130325,116,464,1,115,P-BTC-77000-130325,38,152,1,37,152,TP Hit,TP Hit,0.99137931,0.973684211,1,1,2,80,0.009,0.026,0.0431172,0.0408044,0.0003717,0.0010738,0.0853671,1.9146329
2025-03-14 00:00:00,80800.2,C-BTC-85000-140325,36,144,1,35,P-BTC-76000-140325,43,172,1,42,77,TP Hit,TP Hit,0.972222222,0.976744186,1,1,2,82,0.028,0.023,0.0416304,0.0408457,0.0011564,0.0009499,0.0845824,1.9154176
2025-03-15 00:00:00,84565.5,C-BTC-86000-150325,95,380,1,94,P-BTC-82000-150325,61,244,1,60,154,TP Hit,TP Hit,0.989473684,0.983606557,1,1,2,84,0.011,0.016,0.0431585,0.0403088,0.0004543,0.0006608,0.0845824,1.9154176
2025-03-16 00:00:00,84116.3,C-BTC-85000-160325,73,292,1,72,P-BTC-82800-160325,50,200,1,49,121,TP Hit,TP Hit,0.98630137,0.98,1,1,2,86,0.014,0.02,0.0422086,0.0413,0.0005782,0.000826,0.0849128,1.9150872
2025-03-17 00:00:00,83661,C-BTC-87200-170325,51,204,1,50,P-BTC-80000-170325,67,268,1,66,116,TP Hit,TP Hit,0.980392157,0.985074627,1,1,2,88,0.02,0.015,0.042126,0.0415065,0.000826,0.0006195,0.085078,1.914922
2025-03-18 00:00:00,84572.5,C-BTC-87200-180325,53,212,1,52,P-BTC-81800-180325,42,168,168,-126,-74,TP Hit,SL Hit,0.981132075,-3,1,-3,-2,86,0.019,0.024,0.0415891,0.0416304,0.0007847,0.1665216,0.2505258,-2.2505258
2025-03-19 00:00:00,81878.2,C-BTC-82600-190325,263,1052,1052,-789,P-BTC-78400-190325,31,124,1,30,-759,SL Hit,TP Hit,-3,0.967741935,-3,1,-2,84,0.004,0.032,0.03864651,0.0409696,0.03864651,0.0013216,0.119584221,-2.119584221
2025-03-20 00:00:00,85558.3,C-BTC-88000-200325,84,336,336,-252,P-BTC-81600-200325,39,156,1,38,-214,SL Hit,TP Hit,-3,0.974358974,-3,1,-2,82,0.012,0.026,0.0416304,0.0418782,0.121150553,0.0010738,0.205732953,-2.205732953
2025-03-21 00:00:00,84147.9,C-BTC-85200-210325,210,840,1,209,P-BTC-81000-210325,40,160,1,39,248,TP Hit,TP Hit,0.995238095,0.975,1,1,2,84,0.005,0.025,0.043365,0.0413,0.0002065,0.0010325,0.085904,1.914096
2025-03-22 00:00:00,84049.5,C-BTC-85200-220325,53,212,1,52,P-BTC-83000-220325,82,328,1,81,133,TP Hit,TP Hit,0.981132075,0.987804878,1,1,2,86,0.019,0.012,0.0415891,0.0406392,0.0007847,0.0004956,0.0835086,1.9164914
2025-03-23 00:00:00,84236.3,C-BTC-84800-230325,50,200,200,-150,P-BTC-83800-230325,76,304,1,75,-75,SL Hit,TP Hit,-3,0.986842105,-3,1,-2,84,0.02,0.013,0.0413,0.0408044,0.1652,0.0005369,0.2478413,-2.2478413
2025-03-24 00:00:00,84960.7,C-BTC-86800-240325,66,264,264,-198,P-BTC-83400-240325,68,272,1,67,-131,SL Hit,TP Hit,-3,0.985294118,-3,1,-2,82,0.015,0.015,0.040887,0.042126,0.150380439,0.0006195,0.234012939,-2.234012939
2025-03-25 00:00:00,88404.7,C-BTC-89800-250325,102,408,1,101,P-BTC-86400-250325,63,252,252,-189,-88,TP Hit,SL Hit,0.990196078,-3,1,-3,-2,80,0.01,0.016,0.042126,0.0416304,0.000413,0.1665216,0.250691,-2.250691
2025-03-26 00:00:00,87863,C-BTC-88800-260325,135,540,1,134,P-BTC-86200-260325,57,228,1,56,190,TP Hit,TP Hit,0.992592593,0.98245614,1,1,2,82,0.007,0.018,0.0390285,0.0423738,0.0002891,0.0007434,0.0824348,1.9175652
2025-03-27 00:00:00,86267.8,C-BTC-88000-270325,58,232,1,57,P-BTC-84000-270325,55,220,1,54,111,TP Hit,TP Hit,0.982758621,0.981818182,1,1,2,84,0.017,0.018,0.0407218,0.040887,0.0007021,0.0007434,0.0830543,1.9169457
2025-03-28 00:00:00,87279.6,C-BTC-88000-280325,160,640,1,159,P-BTC-86000-280325,131,524,524,-393,-234,TP Hit,SL Hit,0.99375,-3,1,-3,-2,82,0.006,0.008,0.039648,0.0432824,0.0002478,0.082391942,0.165570142,-2.165570142
2025-03-29 00:00:00,83889.3,C-BTC-85800-290325,30,120,1,29,P-BTC-82400-290325,137,548,1,136,165,TP Hit,TP Hit,0.966666667,0.99270073,1,1,2,84,0.033,0.007,0.040887,0.0396067,0.0013629,0.0002891,0.0821457,1.9178543
2025-03-30 00:00:00,82381.9,C-BTC-84000-300325,32,128,1,31,P-BTC-80400-300325,92,368,1,91,122,TP Hit,TP Hit,0.96875,0.989130435,1,1,2,86,0.031,0.011,0.0409696,0.0417956,0.0012803,0.0004543,0.0844998,1.9155002
2025-03-31 00:00:00,82774,C-BTC-83600-310325,333,1332,1,332,P-BTC-78800-310325,65,260,260,-195,137,TP Hit,SL Hit,0.996996997,-3,1,-3,-2,84,0.003,0.015,0.029301996,0.0402675,0.0001239,0.14650998,0.216203376,-2.216203376
2025-04-01 00:00:00,83318.3,C-BTC-85600-010425,38,152,1,37,P-BTC-82600-010425,284,1136,1,283,320,TP Hit,TP Hit,0.973684211,0.996478873,1,1,2,86,0.026,0.004,0.0408044,0.039326238,0.0010738,0.0001652,0.081369638,1.918630362
2025-04-02 00:00:00,85147.6,C-BTC-87200-020425,47,188,1,46,P-BTC-82400-020425,38,152,1,37,83,TP Hit,TP Hit,0.978723404,0.973684211,1,1,2,88,0.021,0.026,0.0407631,0.0408044,0.0008673,0.0010738,0.0835086,1.9164914
2025-04-03 00:00:00,86353.8,C-BTC-89600-030425,76,304,304,-228,P-BTC-81600-030425,89,356,356,-267,-495,SL Hit,SL Hit,-3,-3,-3,-3,-6,82,0.013,0.011,0.0408044,0.0404327,0.132466729,0.112087232,0.325791062,-6.325791062
2025-04-04 00:00:00,82096.1,C-BTC-84400-040425,76.5,306,306,-229.5,P-BTC-79000-040425,99,396,1,98,-131.5,SL Hit,TP Hit,-3,0.98989899,-3,1,-2,80,0.013,0.01,0.04107285,0.040887,0.125935417,0.000413,0.208308267,-2.208308267
2025-04-05 00:00:00,83965.2,C-BTC-86400-050425,40.3,161.2,1,39.3,P-BTC-80000-050425,39,156,1,38,77.3,TP Hit,TP Hit,0.975186104,0.974358974,1,1,2,82,0.025,0.026,0.04160975,0.0418782,0.0010325,0.0010738,0.08559425,1.91440575
2025-04-06 00:00:00,83076.9,C-BTC-83600-060425,134,536,1,133,P-BTC-81200-060425,36,144,1,35,168,TP Hit,TP Hit,0.992537313,0.972222222,1,1,2,84,0.007,0.028,0.0387394,0.0416304,0.0002891,0.0011564,0.0818153,1.9181847
2025-04-07 00:00:00,79150.7,C-BTC-85000-070425,50,200,1,49,P-BTC-75600-070425,400,1600,1,399,448,TP Hit,TP Hit,0.98,0.9975,1,1,2,86,0.02,0.002,0.0413,0.018679565,0.000826,0.0000826,0.060888165,1.939111835
2025-04-08 00:00:00,78773.6,C-BTC-83600-080425,32,128,1,31,P-BTC-72800-080425,46,184,1,45,76,TP Hit,TP Hit,0.96875,0.97826087,1,1,2,88,0.031,0.022,0.0409696,0.0417956,0.0012803,0.0009086,0.0849541,1.9150459
2025-04-09 00:00:00,77293.3,C-BTC-81000-090425,53,212,1,52,P-BTC-73200-090425,75,300,300,-225,-173,TP Hit,SL Hit,0.981132075,-3,1,-3,-2,86,0.019,0.013,0.0415891,0.0402675,0.0007847,0.118567922,0.201209222,-2.201209222
2025-04-10 00:00:00,81882,C-BTC-85600-100425,92,368,1,91,P-BTC-75000-100425,30,120,1,29,120,TP Hit,TP Hit,0.989130435,0.966666667,1,1,2,88,0.011,0.033,0.0417956,0.040887,0.0004543,0.0013629,0.0844998,1.9155002
2025-04-11 00:00:00,79665.8,C-BTC-82400-110425,74,296,296,-222,P-BTC-76000-110425,87,348,1,86,-136,SL Hit,TP Hit,-3,0.988505747,-3,1,-2,86,0.014,0.011,0.0427868,0.0395241,0.131607902,0.0004543,0.214373102,-2.214373102
2025-04-12 00:00:00,83660.4,C-BTC-85200-120425,122.5,490,1,121.5,P-BTC-81000-120425,55,220,1,54,175.5,TP Hit,TP Hit,0.991836735,0.981818182,1,1,2,88,0.008,0.018,0.040474,0.040887,0.0003304,0.0007434,0.0824348,1.9175652
2025-04-13 00:00:00,85139.7,C-BTC-86800-130425,62,248,1,61,P-BTC-83800-130425,62,248,1,61,122,TP Hit,TP Hit,0.983870968,0.983870968,1,1,2,90,0.016,0.016,0.0409696,0.0409696,0.0006608,0.0006608,0.0832608,1.9167392
2025-04-14 00:00:00,84719.2,C-BTC-86400-140425,262,1048,1,261,P-BTC-80000-140425,52,208,1,51,312,TP Hit,TP Hit,0.996183206,0.980769231,1,1,2,92,0.004,0.019,0.039987462,0.0408044,0.0001652,0.0007847,0.081741762,1.918258238
2025-04-15 00:00:00,85017.4,C-BTC-88400-150425,45,180,1,44,P-BTC-81200-150425,42,168,1,41,85,TP Hit,TP Hit,0.977777778,0.976190476,1,1,2,94,0.022,0.024,0.040887,0.0416304,0.0009086,0.0009912,0.0844172,1.9155828
2025-04-16 00:00:00,84166,C-BTC-86000-160425,75,300,1,74,P-BTC-82000-160425,60,240,1,59,133,TP Hit,TP Hit,0.986666667,0.983333333,1,1,2,96,0.013,0.017,0.0402675,0.042126,0.0005369,0.0007021,0.0836325,1.9163675
2025-04-17 00:00:00,84112.6,C-BTC-86600-170425,38,152,1,37,P-BTC-82400-170425,105,420,1,104,141,TP Hit,TP Hit,0.973684211,0.99047619,1,1,2,98,0.026,0.01,0.0408044,0.043365,0.0010738,0.000413,0.0856562,1.9143438
2025-04-18 00:00:00,85024.3,C-BTC-87000-180425,40,160,1,39,P-BTC-83600-180425,84,336,1,83,122,TP Hit,TP Hit,0.975,0.988095238,1,1,2,100,0.025,0.012,0.0413,0.0416304,0.0010325,0.0004956,0.0844585,1.9155415
2025-04-19 00:00:00,84603.3,C-BTC-85200-190425,75,300,300,-225,P-BTC-84000-190425,59,236,1,58,-167,SL Hit,TP Hit,-3,0.983050847,-3,1,-2,98,0.013,0.017,0.0402675,0.0414239,0.129781462,0.0007021,0.212174962,-2.212174962
2025-04-20 00:00:00,85132.6,C-BTC-86200-200425,54,216,1,53,P-BTC-84000-200425,31,124,1,30,83,TP Hit,TP Hit,0.981481481,0.967741935,1,1,2,100,0.019,0.032,0.0423738,0.0409696,0.0007847,0.0013216,0.0854497,1.9145503
2025-04-21 00:00:00,84580.7,C-BTC-86400-210425,48,192,192,-144,P-BTC-82800-210425,48,192,1,47,-97,SL Hit,TP Hit,-3,0.979166667,-3,1,-2,98,0.021,0.021,0.0416304,0.0416304,0.1665216,0.0008673,0.2506497,-2.2506497
2025-04-22 00:00:00,86732.4,C-BTC-89400-220425,37,148,148,-111,P-BTC-85200-220425,102,408,1,101,-10,SL Hit,TP Hit,-3,0.990196078,-3,1,-2,96,0.027,0.01,0.0412587,0.042126,0.1650348,0.000413,0.2488325,-2.2488325
2025-04-23 00:00:00,91507.8,C-BTC-93200-230425,153,612,612,-459,P-BTC-88000-230425,46,184,1,45,-414,SL Hit,TP Hit,-3,0.97826087,-3,1,-2,94,0.007,0.022,0.0442323,0.0417956,0.075585443,0.0009086,0.162521943,-2.162521943
2025-04-24 00:00:00,93591.6,C-BTC-96400-240425,63,252,1,62,P-BTC-90200-240425,31,124,1,30,92,TP Hit,TP Hit,0.984126984,0.967741935,1,1,2,96,0.016,0.032,0.0416304,0.0409696,0.0006608,0.0013216,0.0845824,1.9154176
2025-04-25 00:00:00,93442.3,C-BTC-94200-250425,223,892,79.63603448,143.3639655,P-BTC-91000-250425,57,228,1,56,199.3639655,Expired,TP Hit,0.642887738,0.98245614,0.642887738,1,1.642887738,97.64288774,0.004,0.018,0.0368396,0.0423738,0.013155873,0.0007434,0.093112673,1.549775065
2025-04-26 00:00:00,95046.4,C-BTC-96800-260425,55,220,1,54,P-BTC-93000-260425,50,200,1,49,103,TP Hit,TP Hit,0.981818182,0.98,1,1,2,99.64288774,0.018,0.02,0.040887,0.0413,0.0007434,0.000826,0.0837564,1.9162436
2025-04-27 00:00:00,94160.7,C-BTC-96000-270425,33,132,132,-99,P-BTC-93000-270425,38,152,1,37,-62,SL Hit,TP Hit,-3,0.973684211,-3,1,-2,97.64288774,0.03,0.026,0.040887,0.0408044,0.163548,0.0010738,0.2463132,-2.2463132
2025-04-28 00:00:00,94298.5,C-BTC-97200-280425,65,260,1,64,P-BTC-91600-280425,58,232,1,57,121,TP Hit,TP Hit,0.984615385,0.982758621,1,1,2,99.64288774,0.015,0.017,0.0402675,0.0407218,0.0006195,0.0007021,0.0823109,1.9176891
2025-04-29 00:00:00,94157.7,C-BTC-97000-290425,30,120,1,29,P-BTC-92000-290425,31,124,1,30,59,TP Hit,TP Hit,0.966666667,0.967741935,1,1,2,101.6428877,0.033,0.032,0.040887,0.0409696,0.0013629,0.0013216,0.0845411,1.9154589
2025-04-30 00:00:00,95391.1,C-BTC-97200-300425,80,320,1,79,P-BTC-94000-300425,64.5,258,258,-193.5,-114.5,TP Hit,SL Hit,0.9875,-3,1,-3,-2,99.64288774,0.012,0.016,0.039648,0.0426216,0.0004956,0.1704864,0.2532516,-2.2532516
2025-05-01 00:00:00,94127.1,C-BTC-96800-010525,34,136,1,33,P-BTC-92800-010525,105.5,422,1,104.5,137.5,TP Hit,TP Hit,0.970588235,0.990521327,1,1,2,101.6428877,0.029,0.009,0.0407218,0.03921435,0.0011977,0.0003717,0.08150555,1.91849445
2025-05-02 00:00:00,96811.8,C-BTC-98800-020525,53.5,214,1,52.5,P-BTC-95800-020525,150.5,602,1,149.5,202,TP Hit,TP Hit,0.981308411,0.993355482,1,1,2,103.6428877,0.019,0.007,0.04198145,0.04350955,0.0007847,0.0002891,0.0865648,1.9134352
2025-05-03 00:00:00,97131.9,C-BTC-98800-030525,37,148,1,36,P-BTC-95800-030525,41,164,1,40,76,TP Hit,TP Hit,0.972972973,0.975609756,1,1,2,105.6428877,0.027,0.024,0.0412587,0.0406392,0.0011151,0.0009912,0.0840042,1.9159958
2025-05-04 00:00:00,96147,C-BTC-97200-040525,51,204,1,50,P-BTC-94800-040525,32.5,130,1,31.5,81.5,TP Hit,TP Hit,0.980392157,0.969230769,1,1,2,107.6428877,0.02,0.031,0.042126,0.04160975,0.000826,0.0012803,0.08584205,1.91415795
2025-05-05 00:00:00,95364.3,C-BTC-96400-050525,153.5,614,1,152.5,P-BTC-94800-050525,234,936,936,-702,-549.5,TP Hit,SL Hit,0.993485342,-3,1,-3,-2,105.6428877,0.007,0.004,0.04437685,0.0386568,0.0002891,0.04501195,0.1283347,-2.1283347
2025-05-06 00:00:00,94712.2,C-BTC-96000-060525,66.5,266,1,65.5,P-BTC-93800-060525,122,488,1,121,186.5,TP Hit,TP Hit,0.984962406,0.991803279,1,1,2,107.6428877,0.015,0.008,0.04119675,0.0403088,0.0006195,0.0003304,0.08245545,1.91754455
2025-05-07 00:00:00,95081.1,C-BTC-96000-070525,93.5,374,374,-280.5,P-BTC-93200-070525,33.5,134,1,32.5,-248,SL Hit,TP Hit,-3,0.970149254,-3,1,-2,105.6428877,0.011,0.03,0.04247705,0.0415065,0.123415268,0.001239,0.208637818,-2.208637818
2025-05-08 00:00:00,96512.1,C-BTC-100000-080525,30.5,122,122,-91.5,P-BTC-94600-080525,72.5,290,1,71.5,-20,SL Hit,TP Hit,-3,0.986206897,-3,1,-2,103.6428877,0.033,0.014,0.04156845,0.0419195,0.1662738,0.0005782,0.25033995,-2.25033995
2025-05-09 00:00:00,101299.8,C-BTC-105000-090525,35,140,140,-105,P-BTC-99000-090525,73.5,294,1,72.5,-32.5,SL Hit,TP Hit,-3,0.986394558,-3,1,-2,101.6428877,0.029,0.014,0.0419195,0.0424977,0.167678,0.0005782,0.2526734,-2.2526734
2025-05-10 00:00:00,103188.3,C-BTC-106000-100525,35.5,142,1,34.5,P-BTC-101200-100525,36.5,146,1,35.5,70,TP Hit,TP Hit,0.971830986,0.97260274,1,1,2,103.6428877,0.028,0.027,0.0410522,0.04070115,0.0011564,0.0011151,0.08402485,1.91597515
2025-05-11 00:00:00,103251.1,C-BTC-105000-110525,62,248,248,-186,P-BTC-102200-110525,80,320,1,79,-107,SL Hit,TP Hit,-3,0.9875,-3,1,-2,101.6428877,0.016,0.012,0.0409696,0.039648,0.1638784,0.0004956,0.2449916,-2.2449916
2025-05-12 00:00:00,104522.3,C-BTC-106200-120525,220,880,1,219,P-BTC-100000-120525,30,120,1,29,248,TP Hit,TP Hit,0.995454545,0.966666667,1,1,2,103.6428877,0.005,0.033,0.04543,0.040887,0.0002065,0.0013629,0.0878864,1.9121136
2025-05-13 00:00:00,101652.3,C-BTC-104600-130525,73,292,1,72,P-BTC-99200-130525,81,324,1,80,152,TP Hit,TP Hit,0.98630137,0.987654321,1,1,2,105.6428877,0.014,0.012,0.0422086,0.0401436,0.0005782,0.0004956,0.083426,1.916574
2025-05-14 00:00:00,104289.2,C-BTC-106800-140525,61,244,1,60,P-BTC-102000-140525,38.5,154,1,37.5,97.5,TP Hit,TP Hit,0.983606557,0.974025974,1,1,2,107.6428877,0.016,0.026,0.0403088,0.0413413,0.0006608,0.0010738,0.0833847,1.9166153
2025-05-15 00:00:00,103487.9,C-BTC-105000-150525,111,444,1,110,P-BTC-102800-150525,155.5,622,622,-466.5,-356.5,TP Hit,SL Hit,0.990990991,-3,1,-3,-2,105.6428877,0.009,0.006,0.0412587,0.0385329,0.0003717,0.073269433,0.153432733,-2.153432733
2025-05-16 00:00:00,102749.1,C-BTC-105000-160525,73.5,294,1,72.5,P-BTC-100000-160525,88,352,1,87,159.5,TP Hit,TP Hit,0.986394558,0.988636364,1,1,2,107.6428877,0.014,0.011,0.0424977,0.0399784,0.0005782,0.0004543,0.0835086,1.9164914
2025-05-17 00:00:00,103699.7,C-BTC-105000-170525,50,200,1,49,P-BTC-102600-170525,36.5,146,146,-109.5,-60.5,TP Hit,SL Hit,0.98,-3,1,-3,-2,105.6428877,0.02,0.027,0.0413,0.04070115,0.000826,0.1628046,0.24563175,-2.24563175
2025-05-18 00:00:00,102962.2,C-BTC-103600-180525,80,320,320,-240,P-BTC-101400-180525,30,120,1,29,-211,SL Hit,TP Hit,-3,0.966666667,-3,1,-2,103.6428877,0.012,0.033,0.039648,0.040887,0.145794475,0.0013629,0.227692375,-2.227692375
2025-05-19 00:00:00,104477.2,C-BTC-106800-190525,125.5,502,502,-376.5,P-BTC-100800-190525,31,124,124,-93,-469.5,SL Hit,SL Hit,-3,-3,-3,-3,-6,97.64288774,0.008,0.032,0.0414652,0.0409696,0.098626477,0.1638784,0.344939677,-6.344939677
2025-05-20 00:00:00,104842.4,C-BTC-106200-200525,185.5,742,742,-556.5,P-BTC-100800-200525,33,132,1,32,-524.5,SL Hit,TP Hit,-3,0.96969697,-3,1,-2,95.64288774,0.005,0.03,0.03830575,0.040887,0.061857016,0.001239,0.142288766,-2.142288766
2025-05-21 00:00:00,105286.1,C-BTC-107600-210525,70,280,280,-210,P-BTC-102000-210525,33,132,1,32,-178,SL Hit,TP Hit,-3,0.96969697,-3,1,-2,93.64288774,0.014,0.03,0.040474,0.040887,0.161896,0.001239,0.244496,-2.244496
2025-05-22 00:00:00,106991.1,C-BTC-112000-220525,35,140,140,-105,P-BTC-102400-220525,48.8,195.2,1,47.8,-57.2,SL Hit,TP Hit,-3,0.979508197,-3,1,-2,91.64288774,0.029,0.02,0.0419195,0.0403088,0.167678,0.000826,0.2507323,-2.2507323
2025-05-23 00:00:00,111752.2,C-BTC-114800-230525,124.5,498,1,123.5,P-BTC-109000-230525,142.5,570,1,141.5,265,TP Hit,TP Hit,0.991967871,0.992982456,1,1,2,93.64288774,0.008,0.007,0.0411348,0.04119675,0.0003304,0.0002891,0.08295105,1.91704895
2025-05-24 00:00:00,108763.2,C-BTC-112200-240525,40.5,162,1,39.5,P-BTC-107000-240525,100,400,400,-300,-260.5,TP Hit,SL Hit,0.975308642,-3,1,-3,-2,91.64288774,0.025,0.01,0.04181625,0.0413,0.0010325,0.128340576,0.212489326,-2.212489326
2025-05-25 00:00:00,108861.1,C-BTC-110600-250525,66,264,1,65,P-BTC-106400-250525,31.5,126,126,-94.5,-29.5,TP Hit,SL Hit,0.984848485,-3,1,-3,-2,89.64288774,0.015,0.032,0.040887,0.0416304,0.0006195,0.1665216,0.2496585,-2.2496585
2025-05-26 00:00:00,107415.9,C-BTC-111000-260525,53,212,1,52,P-BTC-103600-260525,55,220,1,54,106,TP Hit,TP Hit,0.981132075,0.981818182,1,1,2,91.64288774,0.019,0.018,0.0415891,0.040887,0.0007847,0.0007434,0.0840042,1.9159958
2025-05-27 00:00:00,108960.4,C-BTC-112000-270525,60.5,242,1,59.5,P-BTC-106000-270525,41,164,164,-123,-63.5,TP Hit,SL Hit,0.983471074,-3,1,-3,-2,89.64288774,0.017,0.024,0.04247705,0.0406392,0.0007021,0.1625568,0.24637515,-2.24637515
2025-05-28 00:00:00,109818.8,C-BTC-114000-280525,30,120,1,29,P-BTC-109600-280525,602,2408,784.1275862,-182.1275862,-153.1275862,TP Hit,Expired,0.966666667,-0.302537519,1,-0.302537519,0.697462481,90.34035022,0.033,0.002,0.040887,0.025917237,0.0013629,0.025917237,0.094084374,0.603378108
2025-05-29 00:00:00,107506.6,C-BTC-109600-290525,82.5,330,1,81.5,P-BTC-107400-290525,550,2200,1,549,630.5,TP Hit,TP Hit,0.987878788,0.998181818,1,1,2,92.34035022,0.012,0.002,0.040887,0.025371558,0.0004956,0.0000826,0.066836758,1.933163242
2025-05-30 00:00:00,105909.9,C-BTC-107800-300525,72,288,1,71,P-BTC-102000-300525,31,124,1,30,101,TP Hit,TP Hit,0.986111111,0.967741935,1,1,2,94.34035022,0.014,0.032,0.0416304,0.0409696,0.0005782,0.0013216,0.0844998,1.9155002
2025-05-31 00:00:00,104901.3,C-BTC-106600-310525,70,280,1,69,P-BTC-102400-310525,32,128,128,-96,-27,TP Hit,SL Hit,0.985714286,-3,1,-3,-2,92.34035022,0.014,0.031,0.040474,0.0409696,0.0005782,0.1638784,0.2459002,-2.2459002
2025-06-01 00:00:00,104557.3,C-BTC-106000-010625,51,204,1,50,P-BTC-102600-010625,37,148,1,36,86,TP Hit,TP Hit,0.980392157,0.972972973,1,1,2,94.34035022,0.02,0.027,0.042126,0.0412587,0.000826,0.0011151,0.0853258,1.9146742
2025-06-02 00:00:00,104868.5,C-BTC-107600-020625,47.5,190,1,46.5,P-BTC-101200-020625,40,160,1,39,85.5,TP Hit,TP Hit,0.978947368,0.975,1,1,2,96.34035022,0.021,0.025,0.04119675,0.0413,0.0008673,0.0010325,0.08439655,1.91560345
2025-06-03 00:00:00,104357.4,C-BTC-106400-030625,50.3,201.2,201.2,-150.9,P-BTC-103200-030625,145,580,1,144,-6.9,SL Hit,TP Hit,-3,0.993103448,-3,1,-2,94.34035022,0.02,0.007,0.0415478,0.0419195,0.1661912,0.0002891,0.2499476,-2.2499476
2025-06-04 00:00:00,106074.3,C-BTC-108400-040625,46.5,186,1,45.5,P-BTC-103800-040625,37,148,1,36,81.5,TP Hit,TP Hit,0.978494624,0.972972973,1,1,2,96.34035022,0.022,0.027,0.0422499,0.0412587,0.0009086,0.0011151,0.0855323,1.9144677
2025-06-05 00:00:00,104988.9,C-BTC-106000-050625,146,584,1,145,P-BTC-103200-050625,48.5,194,1,47.5,192.5,TP Hit,TP Hit,0.993150685,0.979381443,1,1,2,98.34035022,0.007,0.021,0.0422086,0.04206405,0.0002891,0.0008673,0.08542905,1.91457095
2025-06-06 00:00:00,103005.8,C-BTC-105000-060625,80,320,1,79,P-BTC-100000-060625,34,136,136,-102,-23,TP Hit,SL Hit,0.9875,-3,1,-3,-2,96.34035022,0.012,0.029,0.039648,0.0407218,0.0004956,0.1628872,0.2437526,-2.2437526
2025-06-07 00:00:00,104539.6,C-BTC-105600-070625,91.5,366,1,90.5,P-BTC-102000-070625,34,136,1,33,123.5,TP Hit,TP Hit,0.989071038,0.970588235,1,1,2,98.34035022,0.011,0.029,0.04156845,0.0407218,0.0004543,0.0011977,0.08394225,1.91605775
2025-06-08 00:00:00,105645.1,C-BTC-107200-080625,36,144,1,35,P-BTC-104000-080625,39.5,158,1,38.5,73.5,TP Hit,TP Hit,0.972222222,0.974683544,1,1,2,100.3403502,0.028,0.025,0.0416304,0.04078375,0.0011564,0.0010325,0.08460305,1.91539695
2025-06-09 00:00:00,106317.7,C-BTC-107600-090625,153.5,614,1,152.5,P-BTC-103000-090625,39,156,1,38,190.5,TP Hit,TP Hit,0.993485342,0.974358974,1,1,2,102.3403502,0.007,0.026,0.04437685,0.0418782,0.0002891,0.0010738,0.08761795,1.91238205
2025-06-10 00:00:00,108441.9,C-BTC-110000-100625,84,336,336,-252,P-BTC-106000-100625,50.5,202,1,49.5,-202.5,SL Hit,TP Hit,-3,0.98019802,-3,1,-2,100.3403502,0.012,0.02,0.0416304,0.041713,0.15355373,0.000826,0.23772313,-2.23772313
2025-06-11 00:00:00,109356.1,C-BTC-113200-110625,31,124,1,30,P-BTC-107400-110625,87.5,350,1,86.5,116.5,TP Hit,TP Hit,0.967741935,0.988571429,1,1,2,102.3403502,0.032,0.011,0.0409696,0.03975125,0.0013216,0.0004543,0.08249675,1.91750325
2025-06-12 00:00:00,108769.8,C-BTC-111600-120625,35,140,1,34,P-BTC-106800-120625,70.5,282,1,69.5,103.5,TP Hit,TP Hit,0.971428571,0.985815603,1,1,2,104.3403502,0.029,0.014,0.0419195,0.0407631,0.0011977,0.0005782,0.0844585,1.9155415
2025-06-13 00:00:00,107537.3,C-BTC-108800-130625,107.5,430,1,106.5,P-BTC-105000-130625,53.5,214,214,-160.5,-54,TP Hit,SL Hit,0.990697674,-3,1,-3,-2,102.3403502,0.009,0.019,0.03995775,0.04198145,0.0003717,0.1679258,0.2502367,-2.2502367
2025-06-14 00:00:00,105142,C-BTC-106400-140625,132.5,530,1,131.5,P-BTC-101600-140625,41.5,166,1,40.5,172,TP Hit,TP Hit,0.99245283,0.975903614,1,1,2,104.3403502,0.008,0.024,0.043778,0.0411348,0.0003304,0.0009912,0.0862344,1.9137656
2025-06-15 00:00:00,104918,C-BTC-106000-150625,49.5,198,198,-148.5,P-BTC-103000-150625,45,180,1,44,-104.5,SL Hit,TP Hit,-3,0.977777778,-3,1,-2,102.3403502,0.02,0.022,0.040887,0.040887,0.163548,0.0009086,0.2462306,-2.2462306
2025-06-16 00:00:00,105467.6,C-BTC-106000-160625,350,1400,869.5413793,-519.5413793,P-BTC-104200-160625,256,1024,1,255,-264.5413793,Expired,TP Hit,-1.484403941,0.99609375,-1.484403941,1,-0.484403941,101.8559463,0.003,0.004,0.03733553,0.0422912,0.03733553,0.0001652,0.117127461,-0.601531402
2025-06-17 00:00:00,108272.5,C-BTC-109600-170625,77,308,1,76,P-BTC-106000-170625,40,160,160,-120,-44,TP Hit,SL Hit,0.987012987,-3,1,-3,-2,99.85594628,0.013,0.025,0.0413413,0.0413,0.0005369,0.1652,0.2483782,-2.2483782
2025-06-18 00:00:00,104459.5,C-BTC-107200-180625,47,188,1,46,P-BTC-102000-180625,112,448,1,111,157,TP Hit,TP Hit,0.978723404,0.991071429,1,1,2,101.8559463,0.021,0.009,0.0407631,0.0416304,0.0008673,0.0003717,0.0836325,1.9163675
2025-06-19 00:00:00,103628,C-BTC-106400-190625,58,232,1,57,P-BTC-100400-190625,59,236,1,58,115,TP Hit,TP Hit,0.982758621,0.983050847,1,1,2,103.8559463,0.017,0.017,0.0407218,0.0414239,0.0007021,0.0007021,0.0835499,1.9164501
2025-06-20 00:00:00,104383,C-BTC-105400-200625,137.5,550,550,-412.5,P-BTC-103600-200625,199,796,1,198,-214.5,SL Hit,TP Hit,-3,0.994974874,-3,1,-2,101.8559463,0.007,0.005,0.03975125,0.0410935,0.086220358,0.0002065,0.167271608,-2.167271608
2025-06-21 00:00:00,103192.5,C-BTC-105200-210625,59,236,1,58,P-BTC-102000-210625,187.5,750,1,186.5,244.5,TP Hit,TP Hit,0.983050847,0.994666667,1,1,2,103.8559463,0.017,0.005,0.0414239,0.03871875,0.0007021,0.0002065,0.08105125,1.91894875
2025-06-22 00:00:00,102612.3,C-BTC-104200-220625,48,192,192,-144,P-BTC-100800-220625,46.5,186,186,-139.5,-283.5,SL Hit,SL Hit,-3,-3,-3,-3,-6,97.85594628,0.021,0.022,0.0416304,0.0422499,0.1665216,0.1689996,0.4194015,-6.4194015
2025-06-23 00:00:00,99455,C-BTC-101600-230625,147,588,588,-441,P-BTC-96400-230625,140,560,1,139,-302,SL Hit,TP Hit,-3,0.992857143,-3,1,-2,95.85594628,0.007,0.007,0.0424977,0.040474,0.08214983,0.0002891,0.16541063,-2.16541063
2025-06-24 00:00:00,102992.6,C-BTC-106400-240625,30,120,120,-90,P-BTC-98600-240625,30,120,1,29,-61,SL Hit,TP Hit,-3,0.966666667,-3,1,-2,93.85594628,0.033,0.033,0.040887,0.040887,0.163548,0.0013629,0.2466849,-2.2466849
2025-06-25 00:00:00,105483.1,C-BTC-108000-250625,51,204,1,50,P-BTC-104800-250625,297,1188,1,296,346,TP Hit,TP Hit,0.980392157,0.996632997,1,1,2,95.85594628,0.02,0.003,0.042126,0.0367983,0.000826,0.0001239,0.0798742,1.9201258
2025-06-26 00:00:00,107399.8,C-BTC-109000-260625,99,396,1,98,P-BTC-105000-260625,54.4,217.6,1,53.4,151.4,TP Hit,TP Hit,0.98989899,0.981617647,1,1,2,97.85594628,0.01,0.018,0.040887,0.04044096,0.000413,0.0007434,0.08248436,1.91751564
2025-06-27 00:00:00,107398.8,C-BTC-108400-270625,166,664,1,165,P-BTC-106000-270625,100,400,1,99,264,TP Hit,TP Hit,0.993975904,0.99,1,1,2,99.85594628,0.006,0.01,0.0411348,0.0413,0.0002478,0.000413,0.0830956,1.9169044
2025-06-28 00:00:00,106703.1,C-BTC-107000-280625,243,972,327.2655172,-84.26551724,P-BTC-104800-280625,46.5,186,1,45.5,-38.76551724,Expired,TP Hit,-0.346771676,0.978494624,-0.346771676,1,0.653228324,100.5091746,0.004,0.022,0.0401436,0.0422499,0.050363863,0.0009086,0.133665963,0.519562361
2025-06-29 00:00:00,107323.9,C-BTC-108600-290625,39.5,158,1,38.5,P-BTC-106000-290625,39.5,158,1,38.5,77,TP Hit,TP Hit,0.974683544,0.974683544,1,1,2,102.5091746,0.025,0.025,0.04078375,0.04078375,0.0010325,0.0010325,0.0836325,1.9163675
2025-06-30 00:00:00,107633.1,C-BTC-108600-300625,138.5,554,1,137.5,P-BTC-107600-300625,441,1764,1,440,577.5,TP Hit,TP Hit,0.992779783,0.997732426,1,1,2,104.5091746,0.007,0.002,0.04004035,0.025401412,0.0002891,0.0000826,0.065813462,1.934186538
2025-07-01 00:00:00,107239.9,C-BTC-108600-010725,93,372,1,92,P-BTC-106600-010725,185,740,29.44482759,155.5551724,247.5551724,TP Hit,Expired,0.989247312,0.84083877,1,0.84083877,1.84083877,106.3500134,0.011,0.005,0.0422499,0.0382025,0.0004543,0.006080357,0.086987057,1.753851713
2025-07-02 00:00:00,105703.3,C-BTC-107200-020725,40.5,162,162,-121.5,P-BTC-104400-020725,78,312,1,77,-44.5,SL Hit,TP Hit,-3,0.987179487,-3,1,-2,104.3500134,0.025,0.013,0.04181625,0.0418782,0.167265,0.0005369,0.25149635,-2.25149635
2025-07-03 00:00:00,109510.6,C-BTC-111200-030725,80,320,1,79,P-BTC-107000-030725,41,164,1,40,119,TP Hit,TP Hit,0.9875,0.975609756,1,1,2,106.3500134,0.012,0.024,0.039648,0.0406392,0.0004956,0.0009912,0.081774,1.918226
2025-07-04 00:00:00,109665.1,C-BTC-112000-040725,43.5,174,1,42.5,P-BTC-107000-040725,30,120,1,29,71.5,TP Hit,TP Hit,0.977011494,0.966666667,1,1,2,108.3500134,0.023,0.033,0.04132065,0.040887,0.0009499,0.0013629,0.08452045,1.91547955
2025-07-05 00:00:00,107461.4,C-BTC-108800-050725,41.5,166,1,40.5,P-BTC-106000-050725,40.5,162,1,39.5,80,TP Hit,TP Hit,0.975903614,0.975308642,1,1,2,110.3500134,0.024,0.025,0.0411348,0.04181625,0.0009912,0.0010325,0.08497475,1.91502525
2025-07-06 00:00:00,108005.8,C-BTC-109000-060725,45,180,1,44,P-BTC-107000-060725,45,180,1,44,88,TP Hit,TP Hit,0.977777778,0.977777778,1,1,2,112.3500134,0.022,0.022,0.040887,0.040887,0.0009086,0.0009086,0.0835912,1.9164088
2025-07-07 00:00:00,108510.1,C-BTC-110000-070725,81,324,324,-243,P-BTC-107200-070725,66,264,1,65,-178,SL Hit,TP Hit,-3,0.984848485,-3,1,-2,110.3500134,0.012,0.015,0.0401436,0.040887,0.153650302,0.0006195,0.235300402,-2.235300402
2025-07-08 00:00:00,108042.4,C-BTC-109000-080725,138.4,553.6,1,137.4,P-BTC-106000-080725,31,124,1,30,167.4,TP Hit,TP Hit,0.992774566,0.967741935,1,1,2,112.3500134,0.007,0.032,0.04001144,0.0409696,0.0002891,0.0013216,0.08259174,1.91740826
2025-07-09 00:00:00,109140.5,C-BTC-110000-090725,112,448,1,111,P-BTC-107800-090725,51.5,206,1,50.5,161.5,TP Hit,TP Hit,0.991071429,0.980582524,1,1,2,114.3500134,0.009,0.019,0.0416304,0.04041205,0.0003717,0.0007847,0.08319885,1.91680115
2025-07-10 00:00:00,109543,C-BTC-110600-100725,87,348,348,-261,P-BTC-108000-100725,38.5,154,1,37.5,-223.5,SL Hit,TP Hit,-3,0.974025974,-3,1,-2,112.3500134,0.011,0.026,0.0395241,0.0413413,0.142186814,0.0010738,0.224126014,-2.224126014
2025-07-11 00:00:00,113466.4,C-BTC-116000-110725,40.5,162,162,-121.5,P-BTC-111000-110725,40,160,1,39,-82.5,SL Hit,TP Hit,-3,0.975,-3,1,-2,110.3500134,0.025,0.025,0.04181625,0.0413,0.167265,0.0010325,0.25141375,-2.25141375
2025-07-12 00:00:00,117666.1,C-BTC-120800-120725,48.5,194,1,47.5,P-BTC-115000-120725,42,168,1,41,88.5,TP Hit,TP Hit,0.979381443,0.976190476,1,1,2,112.3500134,0.021,0.024,0.04206405,0.0416304,0.0008673,0.0009912,0.08555295,1.91444705
2025-07-13 00:00:00,117504,C-BTC-119000-130725,44.5,178,1,43.5,P-BTC-116000-130725,43,172,1,42,85.5,TP Hit,TP Hit,0.97752809,0.976744186,1,1,2,114.3500134,0.022,0.023,0.0404327,0.0408457,0.0009086,0.0009499,0.0831369,1.9168631
2025-07-14 00:00:00,119013.1,C-BTC-121600-140725,99.5,398,398,-298.5,P-BTC-118000-140725,258,1032,1,257,-41.5,SL Hit,TP Hit,-3,0.996124031,-3,1,-2,112.3500134,0.01,0.004,0.0410935,0.0426216,0.140435458,0.0001652,0.224315758,-2.224315758
2025-07-15 00:00:00,119752.2,C-BTC-124000-150725,52,208,1,51,P-BTC-116000-150725,42,168,168,-126,-75,TP Hit,SL Hit,0.980769231,-3,1,-3,-2,110.3500134,0.019,0.024,0.0408044,0.0416304,0.0007847,0.1665216,0.2497411,-2.2497411
2025-07-16 00:00:00,116762,C-BTC-120000-160725,39,156,1,38,P-BTC-113600-160725,47,188,1,46,84,TP Hit,TP Hit,0.974358974,0.978723404,1,1,2,112.3500134,0.026,0.021,0.0418782,0.0407631,0.0010738,0.0008673,0.0845824,1.9154176
2025-07-17 00:00:00,119609.3,C-BTC-123600-170725,54,216,1,53,P-BTC-117800-170725,130.5,522,522,-391.5,-338.5,TP Hit,SL Hit,0.981481481,-3,1,-3,-2,110.3500134,0.019,0.008,0.0423738,0.0431172,0.0007847,0.112911179,0.199186879,-2.199186879
2025-07-18 00:00:00,119614.8,C-BTC-120600-180725,258,1032,1,257,P-BTC-116000-180725,50.5,202,1,49.5,306.5,TP Hit,TP Hit,0.996124031,0.98019802,1,1,2,112.3500134,0.004,0.02,0.0426216,0.041713,0.0001652,0.000826,0.0853258,1.9146742
2025-07-19 00:00:00,117308.3,C-BTC-119600-190725,35,140,1,34,P-BTC-114800-190725,37.5,150,1,36.5,70.5,TP Hit,TP Hit,0.971428571,0.973333333,1,1,2,114.3500134,0.029,0.027,0.0419195,0.04181625,0.0011977,0.0011151,0.08604855,1.91395145
2025-07-20 00:00:00,117859.1,C-BTC-119000-200725,49.5,198,1,48.5,P-BTC-117000-200725,93.5,374,1,92.5,141,TP Hit,TP Hit,0.97979798,0.989304813,1,1,2,116.3500134,0.02,0.011,0.040887,0.04247705,0.000826,0.0004543,0.08464435,1.91535565
2025-07-21 00:00:00,118361.8,C-BTC-119200-210725,342,1368,1,341,P-BTC-118000-210725,435,1740,1,434,775,TP Hit,TP Hit,0.997076023,0.997701149,1,1,2,118.3500134,0.003,0.002,0.041900077,0.027933385,0.0001239,0.0000826,0.070039962,1.929960038
2025-07-22 00:00:00,117118.9,C-BTC-119600-220725,60,240,1,59,P-BTC-114400-220725,38.1,152.4,1,37.1,96.1,TP Hit,TP Hit,0.983333333,0.973753281,1,1,2,120.3500134,0.017,0.026,0.042126,0.04091178,0.0007021,0.0010738,0.08481368,1.91518632
2025-07-23 00:00:00,119739.5,C-BTC-122800-230725,38,152,1,37,P-BTC-117400-230725,79,316,1,78,115,TP Hit,TP Hit,0.973684211,0.987341772,1,1,2,122.3500134,0.026,0.013,0.0408044,0.0424151,0.0010738,0.0005369,0.0848302,1.9151698
2025-07-24 00:00:00,118411.6,C-BTC-120000-240725,95,380,1,94,P-BTC-116000-240725,51,204,1,50,144,TP Hit,TP Hit,0.989473684,0.980392157,1,1,2,124.3500134,0.011,0.02,0.0431585,0.042126,0.0004543,0.000826,0.0865648,1.9134352
2025-07-25 00:00:00,119084.5,C-BTC-120600-250725,111.5,446,1,110.5,P-BTC-119000-250725,465,1860,1860,-1395,-1284.5,TP Hit,SL Hit,0.99103139,-3,1,-3,-2,122.3500134,0.009,0.002,0.04144455,0.028103942,0.0003717,0.028103942,0.098024134,-2.098024134
2025-07-26 00:00:00,116430.2,C-BTC-117600-260725,73.5,294,294,-220.5,P-BTC-113600-260725,35,140,1,34,-186.5,SL Hit,TP Hit,-3,0.971428571,-3,1,-2,120.3500134,0.014,0.029,0.0424977,0.0419195,0.1699908,0.0011977,0.2556057,-2.2556057
2025-07-27 00:00:00,118091.1,C-BTC-118400-270725,228,912,1,227,P-BTC-117200-270725,96,384,1,95,322,TP Hit,TP Hit,0.995614035,0.989583333,1,1,2,122.3500134,0.004,0.01,0.0376656,0.039648,0.0001652,0.000413,0.0778918,1.9221082
2025-07-28 00:00:00,118992.4,C-BTC-120800-280725,119,476,1,118,P-BTC-117000-280725,87,348,1,86,204,TP Hit,TP Hit,0.991596639,0.988505747,1,1,2,124.3500134,0.008,0.011,0.0393176,0.0395241,0.0003304,0.0004543,0.0796264,1.9203736
2025-07-29 00:00:00,117831,C-BTC-119000-290725,110,440,1,109,P-BTC-115600-290725,30.5,122,1,29.5,138.5,TP Hit,TP Hit,0.990909091,0.967213115,1,1,2,126.3500134,0.009,0.033,0.040887,0.04156845,0.0003717,0.0013629,0.08419005,1.91580995
2025-07-30 00:00:00,117575.3,C-BTC-119800-300725,55,220,1,54,P-BTC-116800-300725,167.5,670,1,166.5,220.5,TP Hit,TP Hit,0.981818182,0.994029851,1,1,2,128.3500134,0.018,0.006,0.040887,0.0415065,0.0007434,0.0002478,0.0833847,1.9166153
2025-07-31 00:00:00,116447.8,C-BTC-119800-310725,33,132,1,32,P-BTC-114800-310725,151,604,1,150,182,TP Hit,TP Hit,0.96969697,0.993377483,1,1,2,130.3500134,0.03,0.007,0.040887,0.0436541,0.001239,0.0002891,0.0860692,1.9139308
2025-08-01 00:00:00,117766.1,C-BTC-120000-010825,61.5,246,1,60.5,P-BTC-115600-010825,58.5,234,234,-175.5,-115,TP Hit,SL Hit,0.983739837,-3,1,-3,-2,128.3500134,0.016,0.017,0.0406392,0.04107285,0.0006608,0.1642914,0.24666425,-2.24666425
2025-08-02 00:00:00,113843.1,C-BTC-115600-020825,101.5,406,1,100.5,P-BTC-112000-020825,138.5,554,1,137.5,238,TP Hit,TP Hit,0.990147783,0.992779783,1,1,2,130.3500134,0.01,0.007,0.0419195,0.04004035,0.000413,0.0002891,0.08266195,1.91733805
2025-08-03 00:00:00,112324.5,C-BTC-113600-030825,110,440,440,-330,P-BTC-111200-030825,119,476,1,118,-212,SL Hit,TP Hit,-3,0.991596639,-3,1,-2,128.3500134,0.009,0.008,0.040887,0.0393176,0.119288619,0.0003304,0.199823619,-2.199823619
2025-08-04 00:00:00,114401.8,C-BTC-116600-040825,56,224,1,55,P-BTC-111200-040825,53.5,214,1,52.5,107.5,TP Hit,TP Hit,0.982142857,0.981308411,1,1,2,130.3500134,0.018,0.019,0.0416304,0.04198145,0.0007434,0.0007847,0.08513995,1.91486005
2025-08-05 00:00:00,114989.9,C-BTC-117200-050825,42.5,170,1,41.5,P-BTC-113000-050825,53,212,1,52,93.5,TP Hit,TP Hit,0.976470588,0.981132075,1,1,2,132.3500134,0.024,0.019,0.042126,0.0415891,0.0009912,0.0007847,0.085491,1.914509
2025-08-06 00:00:00,113729.1,C-BTC-115600-060825,31.5,126,1,30.5,P-BTC-111800-060825,80,320,1,79,109.5,TP Hit,TP Hit,0.968253968,0.9875,1,1,2,134.3500134,0.032,0.012,0.0416304,0.039648,0.0013216,0.0004956,0.0830956,1.9169044
2025-08-07 00:00:00,115422.2,C-BTC-116000-070825,225,900,635.7137931,-410.7137931,P-BTC-114800-070825,207,828,1,206,-204.7137931,Expired,TP Hit,-1.825394636,0.995169082,-1.825394636,1,-0.825394636,133.5246187,0.004,0.005,0.03717,0.0427455,0.054479278,0.0002065,0.134601278,-0.959995914
2025-08-08 00:00:00,116638.6,C-BTC-118000-080825,128.5,514,1,127.5,P-BTC-114400-080825,34.5,138,1,33.5,161,TP Hit,TP Hit,0.992217899,0.971014493,1,1,2,135.5246187,0.008,0.029,0.0424564,0.04132065,0.0003304,0.0011977,0.08530515,1.91469485
2025-08-09 00:00:00,116544.1,C-BTC-118200-090825,51.5,206,1,50.5,P-BTC-115000-090825,30,120,1,29,79.5,TP Hit,TP Hit,0.980582524,0.966666667,1,1,2,137.5246187,0.019,0.033,0.04041205,0.040887,0.0007847,0.0013629,0.08344665,1.91655335
2025-08-10 00:00:00,116631.4,C-BTC-118400-100825,37,148,148,-111,P-BTC-116600-100825,310,1240,1,309,198,SL Hit,TP Hit,-3,0.996774194,-3,1,-2,135.5246187,0.027,0.003,0.0412587,0.038409,0.1650348,0.0001239,0.2448264,-2.2448264
2025-08-11 00:00:00,118537.7,C-BTC-120400-110825,83.5,334,334,-250.5,P-BTC-115800-110825,30,120,1,29,-221.5,SL Hit,TP Hit,-3,0.966666667,-3,1,-2,133.5246187,0.012,0.033,0.0413826,0.040887,0.1655304,0.0013629,0.2491629,-2.2491629
2025-08-12 00:00:00,119772.2,C-BTC-123000-120825,37,148,1,36,P-BTC-119000-120825,240,960,960,-720,-684,TP Hit,SL Hit,0.972972973,-3,1,-3,-2,131.5246187,0.027,0.004,0.0412587,0.039648,0.0011151,0.056532478,0.138554278,-2.138554278
2025-08-13 00:00:00,119395.9,C-BTC-122400-130825,57.5,230,1,56.5,P-BTC-117400-130825,55.5,222,1,54.5,111,TP Hit,TP Hit,0.982608696,0.981981982,1,1,2,133.5246187,0.017,0.018,0.04037075,0.0412587,0.0007021,0.0007434,0.08307495,1.91692505
2025-08-14 00:00:00,121611.7,C-BTC-124400-140825,68,272,272,-204,P-BTC-119800-140825,98,392,1,97,-107,SL Hit,TP Hit,-3,0.989795918,-3,1,-2,131.5246187,0.015,0.01,0.042126,0.040474,0.168504,0.000413,0.251517,-2.251517
2025-08-15 00:00:00,118109.2,C-BTC-121800-150825,61,244,1,60,P-BTC-114000-150825,31,124,1,30,90,TP Hit,TP Hit,0.983606557,0.967741935,1,1,2,133.5246187,0.016,0.032,0.0403088,0.0409696,0.0006608,0.0013216,0.0832608,1.9167392
2025-08-16 00:00:00,117070.9,C-BTC-120000-160825,42,168,1,41,P-BTC-114400-160825,35,140,1,34,75,TP Hit,TP Hit,0.976190476,0.971428571,1,1,2,135.5246187,0.024,0.029,0.0416304,0.0419195,0.0009912,0.0011977,0.0857388,1.9142612
2025-08-17 00:00:00,117673.1,C-BTC-118600-170825,84,336,1,83,P-BTC-116000-170825,30.5,122,1,29.5,112.5,TP Hit,TP Hit,0.988095238,0.967213115,1,1,2,137.5246187,0.012,0.033,0.0416304,0.04156845,0.0004956,0.0013629,0.08505735,1.91494265
2025-08-18 00:00:00,117589.1,C-BTC-120000-180825,67,268,1,66,P-BTC-115200-180825,38.5,154,154,-115.5,-49.5,TP Hit,SL Hit,0.985074627,-3,1,-3,-2,135.5246187,0.015,0.026,0.0415065,0.0413413,0.0006195,0.1653652,0.2488325,-2.2488325
2025-08-19 00:00:00,116583.6,C-BTC-119000-190825,34,136,1,33,P-BTC-113600-190825,38,152,152,-114,-81,TP Hit,SL Hit,0.970588235,-3,1,-3,-2,133.5246187,0.029,0.026,0.0407218,0.0408044,0.0011977,0.1632176,0.2459415,-2.2459415
2025-08-20 00:00:00,112914.4,C-BTC-115600-200825,30,120,1,29,P-BTC-111200-200825,145,580,1,144,173,TP Hit,TP Hit,0.966666667,0.993103448,1,1,2,135.5246187,0.033,0.007,0.040887,0.0419195,0.0013629,0.0002891,0.0844585,1.9155415
2025-08-21 00:00:00,113533.8,C-BTC-115800-210825,42.5,170,1,41.5,P-BTC-111200-210825,83.5,334,1,82.5,124,TP Hit,TP Hit,0.976470588,0.988023952,1,1,2,137.5246187,0.024,0.012,0.042126,0.0413826,0.0009912,0.0004956,0.0849954,1.9150046
2025-08-22 00:00:00,112615.8,C-BTC-115000-220825,30,120,1,29,P-BTC-111800-220825,265,1060,1,264,293,TP Hit,TP Hit,0.966666667,0.996226415,1,1,2,139.5246187,0.033,0.004,0.040887,0.043778,0.0013629,0.0001652,0.0861931,1.9138069
2025-08-23 00:00:00,116744.2,C-BTC-118000-230825,155,620,1,154,P-BTC-115000-230825,71.5,286,1,70.5,224.5,TP Hit,TP Hit,0.993548387,0.986013986,1,1,2,141.5246187,0.006,0.014,0.038409,0.0413413,0.0002478,0.0005782,0.0805763,1.9194237
2025-08-24 00:00:00,115176,C-BTC-116600-240825,54,216,1,53,P-BTC-114800-240825,191.7,766.8,101.9827586,89.71724138,142.7172414,TP Hit,Expired,0.981481481,0.468008562,1,0.468008562,1.468008562,142.9926273,0.019,0.005,0.0423738,0.03958605,0.0007847,0.02105944,0.10380399,1.364204573
2025-08-25 00:00:00,114612.5,C-BTC-118000-250825,38,152,1,37,P-BTC-114000-250825,294,1176,1176,-882,-845,TP Hit,SL Hit,0.973684211,-3,1,-3,-2,140.9926273,0.026,0.003,0.0408044,0.0364266,0.0010738,0.040572825,0.118877625,-2.118877625
2025-08-26 00:00:00,112350.1,C-BTC-115000-260825,30,120,1,29,P-BTC-108800-260825,30,120,120,-90,-61,TP Hit,SL Hit,0.966666667,-3,1,-3,-2,138.9926273,0.033,0.033,0.040887,0.040887,0.0013629,0.163548,0.2466849,-2.2466849
2025-08-27 00:00:00,110648,C-BTC-112800-270825,52,208,208,-156,P-BTC-110000-270825,335,1340,1,334,178,SL Hit,TP Hit,-3,0.997014925,-3,1,-2,136.9926273,0.019,0.003,0.0408044,0.039169392,0.1632176,0.0001239,0.243315292,-2.243315292
2025-08-28 00:00:00,111999,C-BTC-114400-280825,38,152,1,37,P-BTC-108800-280825,41.4,165.6,1,40.4,77.4,TP Hit,TP Hit,0.973684211,0.975845411,1,1,2,138.9926273,0.026,0.024,0.0408044,0.04103568,0.0010738,0.0009912,0.08390508,1.91609492
2025-08-29 00:00:00,112373.4,C-BTC-115000-290825,43.5,174,1,42.5,P-BTC-112000-290825,330,1320,1320,-990,-947.5,TP Hit,SL Hit,0.977011494,-3,1,-3,-2,136.9926273,0.023,0.003,0.04132065,0.039780184,0.0009499,0.039780184,0.121830917,-2.121830917
2025-08-30 00:00:00,108101,C-BTC-109600-300825,100,400,1,99,P-BTC-106400-300825,113,452,1,112,211,TP Hit,TP Hit,0.99,0.991150442,1,1,2,138.9926273,0.01,0.009,0.0413,0.0420021,0.000413,0.0003717,0.0840868,1.9159132
2025-08-31 00:00:00,108740.2,C-BTC-109400-310825,128,512,1,127,P-BTC-108800-310825,365.8,1463.2,375.037931,-9.237931034,117.762069,TP Hit,Expired,0.9921875,-0.025254049,1,-0.025254049,0.974745951,139.9673732,0.008,0.003,0.0422912,0.038494031,0.0003304,0.038494031,0.119609662,0.85513629
2025-09-01 00:00:00,109135.8,C-BTC-110400-010925,103,412,1,102,P-BTC-108800-010925,355,1420,1420,-1065,-963,TP Hit,SL Hit,0.990291262,-3,1,-3,-2,137.9673732,0.01,0.003,0.042539,0.038634073,0.000413,0.038634073,0.120220146,-2.120220146
2025-09-02 00:00:00,109204.9,C-BTC-110000-020925,178,712,712,-534,P-BTC-107000-020925,60,240,240,-180,-714,SL Hit,SL Hit,-3,-3,-3,-3,-6,131.9673732,0.006,0.017,0.0441084,0.042126,0.077317069,0.168504,0.332055469,-6.332055469
2025-09-03 00:00:00,110627.3,C-BTC-113600-030925,33,132,1,32,P-BTC-107000-030925,35,140,1,34,66,TP Hit,TP Hit,0.96969697,0.971428571,1,1,2,133.9673732,0.03,0.029,0.040887,0.0419195,0.001239,0.0011977,0.0852432,1.9147568
2025-09-04 00:00:00,111914.8,C-BTC-114000-040925,38,152,1,37,P-BTC-109400-040925,49,196,1,48,85,TP Hit,TP Hit,0.973684211,0.979591837,1,1,2,135.9673732,0.026,0.02,0.0408044,0.040474,0.0010738,0.000826,0.0831782,1.9168218
2025-09-05 00:00:00,109988.5,C-BTC-111800-050925,53,212,212,-159,P-BTC-107000-050925,30,120,1,29,-130,SL Hit,TP Hit,-3,0.966666667,-3,1,-2,133.9673732,0.019,0.033,0.0415891,0.040887,0.1663564,0.0013629,0.2501954,-2.2501954
2025-09-06 00:00:00,111207,C-BTC-113400-060925,49,196,1,48,P-BTC-109600-060925,59,236,1,58,106,TP Hit,TP Hit,0.979591837,0.983050847,1,1,2,135.9673732,0.02,0.017,0.040474,0.0414239,0.000826,0.0007021,0.083426,1.916574
2025-09-07 00:00:00,110264.6,C-BTC-110800-070925,170,680,458.4517241,-288.4517241,P-BTC-108400-070925,40,160,1,39,-249.4517241,Expired,TP Hit,-1.696774848,0.975,-1.696774848,1,-0.696774848,135.2705984,0.006,0.025,0.042126,0.0413,0.078067337,0.0010325,0.162525837,-0.859300684
2025-09-08 00:00:00,111102.1,C-BTC-113400-080925,35,140,1,34,P-BTC-109200-080925,70,280,1,69,103,TP Hit,TP Hit,0.971428571,0.985714286,1,1,2,137.2705984,0.029,0.014,0.0419195,0.040474,0.0011977,0.0005782,0.0841694,1.9158306
2025-09-09 00:00:00,112436.3,C-BTC-113000-090925,169,676,1,168,P-BTC-110600-090925,34,136,136,-102,66,TP Hit,SL Hit,0.99408284,-3,1,-3,-2,135.2705984,0.006,0.029,0.0418782,0.0407218,0.0002478,0.1628872,0.245735,-2.245735
2025-09-10 00:00:00,111160.5,C-BTC-113000-100925,32,128,128,-96,P-BTC-109200-100925,35,140,1,34,-62,SL Hit,TP Hit,-3,0.971428571,-3,1,-2,133.2705984,0.031,0.029,0.0409696,0.0419195,0.1638784,0.0011977,0.2479652,-2.2479652
2025-09-11 00:00:00,113557.3,C-BTC-115200-110925,49,196,1,48,P-BTC-113600-110925,499,1996,1,498,546,TP Hit,TP Hit,0.979591837,0.997995992,1,1,2,135.2705984,0.02,0.002,0.040474,0.026799523,0.000826,0.0000826,0.068182123,1.931817877
2025-09-12 00:00:00,114271.3,C-BTC-117000-120925,33,132,132,-99,P-BTC-112600-120925,75,300,1,74,-25,SL Hit,TP Hit,-3,0.986666667,-3,1,-2,133.2705984,0.03,0.013,0.040887,0.0402675,0.163548,0.0005369,0.2452394,-2.2452394
2025-09-13 00:00:00,116437.6,C-BTC-117800-130925,46,184,1,45,P-BTC-114800-130925,46,184,1,45,90,TP Hit,TP Hit,0.97826087,0.97826087,1,1,2,135.2705984,0.022,0.022,0.0417956,0.0417956,0.0009086,0.0009086,0.0854084,1.9145916
2025-09-14 00:00:00,115636.1,C-BTC-115800-140925,231,924,1,230,P-BTC-115200-140925,114,456,1,113,343,TP Hit,TP Hit,0.995670996,0.99122807,1,1,2,137.2705984,0.004,0.009,0.0381612,0.0423738,0.0001652,0.0003717,0.0810719,1.9189281
2025-09-15 00:00:00,115393.1,C-BTC-116800-150925,96,384,1,95,P-BTC-115400-150925,409,1636,336.1068966,72.89310345,167.8931034,TP Hit,Expired,0.989583333,0.178222747,1,0.178222747,1.178222747,138.4488211,0.01,0.002,0.039648,0.027232772,0.000413,0.027232772,0.094526543,1.083696204
2025-09-16 00:00:00,115376.1,C-BTC-117000-160925,53,212,1,52,P-BTC-113200-160925,41,164,1,40,92,TP Hit,TP Hit,0.981132075,0.975609756,1,1,2,140.4488211,0.019,0.024,0.0415891,0.0406392,0.0007847,0.0009912,0.0840042,1.9159958
2025-09-17 00:00:00,116448.7,C-BTC-118800-170925,61,244,1,60,P-BTC-114400-170925,41,164,1,40,100,TP Hit,TP Hit,0.983606557,0.975609756,1,1,2,142.4488211,0.016,0.024,0.0403088,0.0406392,0.0006608,0.0009912,0.0826,1.9174
2025-09-18 00:00:00,115199.5,C-BTC-118400-180925,51,204,1,50,P-BTC-111600-180925,37,148,1,36,86,TP Hit,TP Hit,0.980392157,0.972972973,1,1,2,144.4488211,0.02,0.027,0.042126,0.0412587,0.000826,0.0011151,0.0853258,1.9146742
2025-09-19 00:00:00,117771.2,C-BTC-119200-190925,51,204,1,50,P-BTC-116600-190925,80,320,320,-240,-190,TP Hit,SL Hit,0.980392157,-3,1,-3,-2,142.4488211,0.02,0.012,0.042126,0.039648,0.000826,0.158592,0.241192,-2.241192
2025-09-20 00:00:00,115420.5,C-BTC-116600-200925,60,240,1,59,P-BTC-115000-200925,98,392,1,97,156,TP Hit,TP Hit,0.983333333,0.989795918,1,1,2,144.4488211,0.017,0.01,0.042126,0.040474,0.0007021,0.000413,0.0837151,1.9162849
2025-09-21 00:00:00,115709.4,C-BTC-116400-210925,55,220,1,54,P-BTC-115000-210925,56,224,1,55,109,TP Hit,TP Hit,0.981818182,0.982142857,1,1,2,146.4488211,0.018,0.018,0.040887,0.0416304,0.0007434,0.0007434,0.0840042,1.9159958
2025-09-22 00:00:00,115521.2,C-BTC-116000-220925,165,660,1,164,P-BTC-114800-220925,108,432,432,-324,-160,TP Hit,SL Hit,0.993939394,-3,1,-3,-2,144.4488211,0.006,0.009,0.040887,0.0401436,0.0002478,0.122683514,0.203961914,-2.203961914
2025-09-23 00:00:00,112466.4,C-BTC-113800-230925,94,376,1,93,P-BTC-110000-230925,89,356,1,88,181,TP Hit,TP Hit,0.989361702,0.988764045,1,1,2,146.4488211,0.011,0.011,0.0427042,0.0404327,0.0004543,0.0004543,0.0840455,1.9159545
2025-09-24 00:00:00,111787.7,C-BTC-113400-240925,58,232,1,57,P-BTC-109200-240925,45,180,1,44,101,TP Hit,TP Hit,0.982758621,0.977777778,1,1,2,148.4488211,0.017,0.022,0.0407218,0.040887,0.0007021,0.0009086,0.0832195,1.9167805
2025-09-25 00:00:00,113596.9,C-BTC-115000-250925,31,124,1,30,P-BTC-111600-250925,33,132,132,-99,-69,TP Hit,SL Hit,0.967741935,-3,1,-3,-2,146.4488211,0.032,0.03,0.0409696,0.040887,0.0013216,0.163548,0.2467262,-2.2467262
2025-09-26 00:00:00,109861.8,C-BTC-113400-260925,33,132,1,32,P-BTC-107000-260925,45,180,1,44,76,TP Hit,TP Hit,0.96969697,0.977777778,1,1,2,148.4488211,0.03,0.022,0.040887,0.040887,0.001239,0.0009086,0.0839216,1.9160784
2025-09-27 00:00:00,109706.2,C-BTC-111000-270925,47,188,1,46,P-BTC-108000-270925,61,244,1,60,106,TP Hit,TP Hit,0.978723404,0.983606557,1,1,2,150.4488211,0.021,0.016,0.0407631,0.0403088,0.0008673,0.0006608,0.0826,1.9174
2025-09-28 00:00:00,109435,C-BTC-109600-280925,185,740,1,184,P-BTC-108200-280925,35,140,1,34,218,TP Hit,TP Hit,0.994594595,0.971428571,1,1,2,152.4488211,0.005,0.029,0.0382025,0.0419195,0.0002065,0.0011977,0.0815262,1.9184738
2025-09-29 00:00:00,110298.9,C-BTC-112000-290925,49,196,196,-147,P-BTC-109800-290925,261,1044,1,260,113,SL Hit,TP Hit,-3,0.996168582,-3,1,-2,150.4488211,0.02,0.004,0.040474,0.0431172,0.161896,0.0001652,0.2456524,-2.2456524
2025-09-30 00:00:00,113984,C-BTC-115600-300925,41,164,1,40,P-BTC-112400-300925,58,232,1,57,97,TP Hit,TP Hit,0.975609756,0.982758621,1,1,2,152.4488211,0.024,0.017,0.0406392,0.0407218,0.0009912,0.0007021,0.0830543,1.9169457
2025-10-01 00:00:00,113751.8,C-BTC-116000-011025,36,144,144,-108,P-BTC-111800-011025,42,168,1,41,-67,SL Hit,TP Hit,-3,0.976190476,-3,1,-2,150.4488211,0.028,0.024,0.0416304,0.0416304,0.1665216,0.0009912,0.2507736,-2.2507736
2025-10-02 00:00:00,117212.2,C-BTC-119600-021025,38,152,152,-114,P-BTC-114600-021025,38,152,1,37,-77,SL Hit,TP Hit,-3,0.973684211,-3,1,-2,148.4488211,0.026,0.026,0.0408044,0.0408044,0.1632176,0.0010738,0.2459002,-2.2459002
2025-10-03 00:00:00,120491.6,C-BTC-124000-031025,38,152,1,37,P-BTC-117000-031025,32,128,1,31,68,TP Hit,TP Hit,0.973684211,0.96875,1,1,2,150.4488211,0.026,0.031,0.0408044,0.0409696,0.0010738,0.0012803,0.0841281,1.9158719
2025-10-04 00:00:00,122524.3,C-BTC-124000-041025,143,572,1,142,P-BTC-120200-041025,50,200,1,49,191,TP Hit,TP Hit,0.993006993,0.98,1,1,2,152.4488211,0.007,0.02,0.0413413,0.0413,0.0002891,0.000826,0.0837564,1.9162436
2025-10-05 00:00:00,121613.2,C-BTC-122800-051025,66,264,264,-198,P-BTC-119800-051025,35,140,1,34,-164,SL Hit,TP Hit,-3,0.971428571,-3,1,-2,150.4488211,0.015,0.029,0.040887,0.0419195,0.163548,0.0011977,0.2475522,-2.2475522
2025-10-06 00:00:00,123010.5,C-BTC-128000-061025,36,144,1,35,P-BTC-120000-061025,80,320,1,79,114,TP Hit,TP Hit,0.972222222,0.9875,1,1,2,152.4488211,0.028,0.012,0.0416304,0.039648,0.0011564,0.0004956,0.0829304,1.9170696
2025-10-07 00:00:00,126092.4,C-BTC-129200-071025,60,240,1,59,P-BTC-122000-071025,31,124,1,30,89,TP Hit,TP Hit,0.983333333,0.967741935,1,1,2,154.4488211,0.017,0.032,0.042126,0.0409696,0.0007021,0.0013216,0.0851193,1.9148807
2025-10-08 00:00:00,121055.4,C-BTC-125000-081025,32,128,1,31,P-BTC-119200-081025,125,500,1,124,155,TP Hit,TP Hit,0.96875,0.992,1,1,2,156.4488211,0.031,0.008,0.0409696,0.0413,0.0012803,0.0003304,0.0838803,1.9161197
2025-10-09 00:00:00,123385.9,C-BTC-126000-091025,45,180,1,44,P-BTC-119600-091025,39,156,1,38,82,TP Hit,TP Hit,0.977777778,0.974358974,1,1,2,158.4488211,0.022,0.026,0.040887,0.0418782,0.0009086,0.0010738,0.0847476,1.9152524
2025-10-10 00:00:00,120760.8,C-BTC-125000-101025,39,156,1,38,P-BTC-117000-101025,34,136,136,-102,-64,TP Hit,SL Hit,0.974358974,-3,1,-3,-2,156.4488211,0.026,0.029,0.0418782,0.0407218,0.0010738,0.1628872,0.246561,-2.246561
2025-10-11 00:00:00,117294.1,C-BTC-120800-111025,33,132,1,32,P-BTC-116000-111025,230,920,920,-690,-658,TP Hit,SL Hit,0.96969697,-3,1,-3,-2,154.4488211,0.03,0.004,0.040887,0.037996,0.001239,0.055362815,0.135484815,-2.135484815
2025-10-12 00:00:00,111942.9,C-BTC-113000-121025,152,608,1,151,P-BTC-109000-121025,32,128,128,-96,55,TP Hit,SL Hit,0.993421053,-3,1,-3,-2,152.4488211,0.007,0.031,0.0439432,0.0409696,0.0002891,0.1638784,0.2490803,-2.2490803
2025-10-13 00:00:00,113902.8,C-BTC-120400-131025,41,164,1,40,P-BTC-107200-131025,39,156,1,38,78,TP Hit,TP Hit,0.975609756,0.974358974,1,1,2,154.4488211,0.024,0.026,0.0406392,0.0418782,0.0009912,0.0010738,0.0845824,1.9154176
2025-10-14 00:00:00,115160.2,C-BTC-119600-141025,34,136,1,33,P-BTC-111000-141025,47,188,188,-141,-108,TP Hit,SL Hit,0.970588235,-3,1,-3,-2,152.4488211,0.029,0.021,0.0407218,0.0407631,0.0011977,0.1630524,0.245735,-2.245735
2025-10-15 00:00:00,112948.8,C-BTC-115800-151025,84,336,1,83,P-BTC-110600-151025,173,692,1,172,255,TP Hit,TP Hit,0.988095238,0.994219653,1,1,2,154.4488211,0.012,0.006,0.0416304,0.0428694,0.0004956,0.0002478,0.0852432,1.9147568
2025-10-16 00:00:00,111341.4,C-BTC-115400-161025,34,136,1,33,P-BTC-107600-161025,64,256,1,63,96,TP Hit,TP Hit,0.970588235,0.984375,1,1,2,156.4488211,0.029,0.016,0.0407218,0.0422912,0.0011977,0.0006608,0.0848715,1.9151285
2025-10-17 00:00:00,108535.5,C-BTC-113000-171025,39,156,1,38,P-BTC-105000-171025,177,708,708,-531,-493,TP Hit,SL Hit,0.974358974,-3,1,-3,-2,154.4488211,0.026,0.006,0.0418782,0.0438606,0.0010738,0.076843134,0.163655734,-2.163655734
2025-10-18 00:00:00,106654.2,C-BTC-108600-181025,80,320,1,79,P-BTC-103400-181025,92,368,1,91,170,TP Hit,TP Hit,0.9875,0.989130435,1,1,2,156.4488211,0.012,0.011,0.039648,0.0417956,0.0004956,0.0004543,0.0823935,1.9176065
2025-10-19 00:00:00,106845.2,C-BTC-107400-191025,190,760,760,-570,P-BTC-105000-191025,67,268,1,66,-504,SL Hit,TP Hit,-3,0.985074627,-3,1,-2,154.4488211,0.005,0.015,0.039235,0.0415065,0.063038668,0.0006195,0.144399668,-2.144399668
2025-10-20 00:00:00,109254.3,C-BTC-110800-201025,221,884,884,-663,P-BTC-104600-201025,43,172,172,-129,-792,SL Hit,SL Hit,-3,-3,-3,-3,-6,148.4488211,0.005,0.023,0.0456365,0.0408457,0.064460037,0.1633828,0.314325037,-6.314325037
2025-10-21 00:00:00,110914.6,C-BTC-113600-211025,65,260,1,64,P-BTC-107200-211025,48,192,192,-144,-80,TP Hit,SL Hit,0.984615385,-3,1,-3,-2,146.4488211,0.015,0.021,0.0402675,0.0416304,0.0006195,0.1665216,0.249039,-2.249039
2025-10-22 00:00:00,111947.7,C-BTC-116000-221025,46,184,1,45,P-BTC-107200-221025,40,160,160,-120,-75,TP Hit,SL Hit,0.97826087,-3,1,-3,-2,144.4488211,0.022,0.025,0.0417956,0.0413,0.0009086,0.1652,0.2492042,-2.2492042
2025-10-23 00:00:00,108036.2,C-BTC-110000-231025,198,792,1,197,P-BTC-103600-231025,57,228,1,56,253,TP Hit,TP Hit,0.994949495,0.98245614,1,1,2,146.4488211,0.005,0.018,0.040887,0.0423738,0.0002065,0.0007434,0.0842107,1.9157893
2025-10-24 00:00:00,110526,C-BTC-112200-241025,206,824,1,205,P-BTC-106200-241025,57,228,1,56,261,TP Hit,TP Hit,0.995145631,0.98245614,1,1,2,148.4488211,0.005,0.018,0.042539,0.0423738,0.0002065,0.0007434,0.0858627,1.9141373
2025-10-25 00:00:00,110614.6,C-BTC-112800-251025,33,132,1,32,P-BTC-108000-251025,33,132,1,32,64,TP Hit,TP Hit,0.96969697,0.96969697,1,1,2,150.4488211,0.03,0.03,0.040887,0.040887,0.001239,0.001239,0.084252,1.915748
2025-10-26 00:00:00,111674.8,C-BTC-112800-261025,73,292,292,-219,P-BTC-109800-261025,33,132,1,32,-187,SL Hit,TP Hit,-3,0.96969697,-3,1,-2,148.4488211,0.014,0.03,0.0422086,0.040887,0.1688344,0.001239,0.253169,-2.253169
2025-10-27 00:00:00,113589.3,C-BTC-116000-271025,85,340,340,-255,P-BTC-111600-271025,107,428,1,106,-149,SL Hit,TP Hit,-3,0.990654206,-3,1,-2,146.4488211,0.012,0.009,0.042126,0.0397719,0.160842449,0.0003717,0.243112049,-2.243112049
2025-10-28 00:00:00,115266.2,C-BTC-118400-281025,38,152,1,37,P-BTC-114000-281025,161,644,1,160,197,TP Hit,TP Hit,0.973684211,0.99378882,1,1,2,148.4488211,0.026,0.006,0.0408044,0.0398958,0.0010738,0.0002478,0.0820218,1.9179782
2025-10-29 00:00:00,115020.3,C-BTC-118000-291025,48,192,1,47,P-BTC-112200-291025,63.9,255.6,255.6,-191.7,-144.7,TP Hit,SL Hit,0.979166667,-3,1,-3,-2,146.4488211,0.021,0.016,0.0416304,0.04222512,0.0008673,0.16890048,0.2536233,-2.2536233
2025-10-30 00:00:00,111083.1,C-BTC-116000-301025,53,212,1,52,P-BTC-107200-301025,142,568,1,141,193,TP Hit,TP Hit,0.981132075,0.992957746,1,1,2,148.4488211,0.019,0.007,0.0415891,0.0410522,0.0007847,0.0002891,0.0837151,1.9162849
2025-10-31 00:00:00,106835,C-BTC-112800-311025,34,136,1,33,P-BTC-101000-311025,40,160,1,39,72,TP Hit,TP Hit,0.970588235,0.975,1,1,2,150.4488211,0.029,0.025,0.0407218,0.0413,0.0011977,0.0010325,0.084252,1.915748
2025-11-01 00:00:00,109315.8,C-BTC-112000-011125,46,184,1,45,P-BTC-106000-011125,43,172,1,42,87,TP Hit,TP Hit,0.97826087,0.976744186,1,1,2,152.4488211,0.022,0.023,0.0417956,0.0408457,0.0009086,0.0009499,0.0844998,1.9155002
2025-11-02 00:00:00,110294.1,C-BTC-112400-021125,40.1,160.4,1,39.1,P-BTC-108000-021125,31,124,1,30,69.1,TP Hit,TP Hit,0.975062344,0.967741935,1,1,2,154.4488211,0.025,0.032,0.04140325,0.0409696,0.0010325,0.0013216,0.08472695,1.91527305
2025-11-03 00:00:00,110321.9,C-BTC-114000-031125,65,260,1,64,P-BTC-105600-031125,57,228,1,56,120,TP Hit,TP Hit,0.984615385,0.98245614,1,1,2,156.4488211,0.015,0.018,0.0402675,0.0423738,0.0006195,0.0007434,0.0840042,1.9159958
2025-11-04 00:00:00,106917,C-BTC-110000-041125,40,160,1,39,P-BTC-103200-041125,55,220,220,-165,-126,TP Hit,SL Hit,0.975,-3,1,-3,-2,154.4488211,0.025,0.018,0.0413,0.040887,0.0010325,0.163548,0.2467675,-2.2467675
2025-11-05 00:00:00,101385.3,C-BTC-107000-051125,40,160,1,39,P-BTC-97600-051125,175,700,1,174,213,TP Hit,TP Hit,0.975,0.994285714,1,1,2,156.4488211,0.025,0.006,0.0413,0.043365,0.0010325,0.0002478,0.0859453,1.9140547
2025-11-06 00:00:00,104313.7,C-BTC-107000-061125,53,212,1,52,P-BTC-100000-061125,42,168,1,41,93,TP Hit,TP Hit,0.981132075,0.976190476,1,1,2,158.4488211,0.019,0.024,0.0415891,0.0416304,0.0007847,0.0009912,0.0849954,1.9150046
2025-11-07 00:00:00,101673,C-BTC-105000-071125,50,200,1,49,P-BTC-97000-071125,66,264,1,65,114,TP Hit,TP Hit,0.98,0.984848485,1,1,2,160.4488211,0.02,0.015,0.0413,0.040887,0.000826,0.0006195,0.0836325,1.9163675
2025-11-08 00:00:00,102588.4,C-BTC-105200-081125,38,152,1,37,P-BTC-99800-081125,36,144,1,35,72,TP Hit,TP Hit,0.973684211,0.972222222,1,1,2,162.4488211,0.026,0.028,0.0408044,0.0416304,0.0010738,0.0011564,0.084665,1.915335
2025-11-09 00:00:00,102193,C-BTC-103000-091125,153,612,1,152,P-BTC-101000-091125,101,404,1,100,252,TP Hit,TP Hit,0.993464052,0.99009901,1,1,2,164.4488211,0.007,0.01,0.0442323,0.041713,0.0002891,0.000413,0.0866474,1.9133526
2025-11-10 00:00:00,104649,C-BTC-106800-101125,148,592,592,-444,P-BTC-100800-101125,67,268,1,66,-378,SL Hit,TP Hit,-3,0.985074627,-3,1,-2,162.4488211,0.007,0.015,0.0427868,0.0415065,0.086440074,0.0006195,0.171352874,-2.171352874
2025-11-11 00:00:00,105463.5,C-BTC-108000-111125,59,236,236,-177,P-BTC-102000-111125,59,236,1,58,-119,SL Hit,TP Hit,-3,0.983050847,-3,1,-2,160.4488211,0.017,0.017,0.0414239,0.0414239,0.1656956,0.0007021,0.2492455,-2.2492455
2025-11-12 00:00:00,103216.3,C-BTC-106000-121125,43,172,1,42,P-BTC-102000-121125,230,920,1,229,271,TP Hit,TP Hit,0.976744186,0.995652174,1,1,2,162.4488211,0.023,0.004,0.0408457,0.037996,0.0009499,0.0001652,0.0799568,1.9200432
2025-11-13 00:00:00,101513.2,C-BTC-106000-131125,30,120,1,29,P-BTC-99600-131125,218,872,1,217,246,TP Hit,TP Hit,0.966666667,0.995412844,1,1,2,164.4488211,0.033,0.005,0.040887,0.045017,0.0013629,0.0002065,0.0874734,1.9125266
2025-11-14 00:00:00,98522.2,C-BTC-105000-141125,40,160,1,39,P-BTC-91000-141125,32,128,1,31,70,TP Hit,TP Hit,0.975,0.96875,1,1,2,166.4488211,0.025,0.031,0.0413,0.0409696,0.0010325,0.0012803,0.0845824,1.9154176
2025-11-15 00:00:00,95119.9,C-BTC-98000-151125,49,196,1,48,P-BTC-91600-151125,70,280,1,69,117,TP Hit,TP Hit,0.979591837,0.985714286,1,1,2,168.4488211,0.02,0.014,0.040474,0.040474,0.000826,0.0005782,0.0823522,1.9176478
2025-11-16 00:00:00,96036,C-BTC-97800-161125,53,212,1,52,P-BTC-94000-161125,46,184,1,45,97,TP Hit,TP Hit,0.981132075,0.97826087,1,1,2,170.4488211,0.019,0.022,0.0415891,0.0417956,0.0007847,0.0009086,0.085078,1.914922
2025-11-17 00:00:00,94194.8,C-BTC-98000-171125,86,344,1,85,P-BTC-90400-171125,142,568,1,141,226,TP Hit,TP Hit,0.988372093,0.992957746,1,1,2,172.4488211,0.012,0.007,0.0426216,0.0410522,0.0004956,0.0002891,0.0844585,1.9155415
2025-11-18 00:00:00,92626.7,C-BTC-96000-181125,45,180,1,44,P-BTC-89200-181125,142,568,568,-426,-382,TP Hit,SL Hit,0.977777778,-3,1,-3,-2,170.4488211,0.022,0.007,0.040887,0.0410522,0.0009086,0.076509654,0.159357454,-2.159357454
2025-11-19 00:00:00,93352.2,C-BTC-95400-191125,90,360,1,89,P-BTC-90000-191125,85,340,340,-255,-166,TP Hit,SL Hit,0.988888889,-3,1,-3,-2,168.4488211,0.011,0.012,0.040887,0.042126,0.0004543,0.132186715,0.215654015,-2.215654015
2025-11-20 00:00:00,89168.5,C-BTC-91000-201125,279,1116,1116,-837,P-BTC-85600-201125,122,488,1,121,-716,SL Hit,TP Hit,-3,0.991803279,-3,1,-2,166.4488211,0.004,0.008,0.042087532,0.0403088,0.042087532,0.0003304,0.124814264,-2.124814264
2025-11-21 00:00:00,86404.8,C-BTC-92000-211125,35,140,1,34,P-BTC-83600-211125,282,1128,1128,-846,-812,TP Hit,SL Hit,0.971428571,-3,1,-3,-2,164.4488211,0.029,0.004,0.0419195,0.040783066,0.0011977,0.040783066,0.124683331,-2.124683331
2025-11-22 00:00:00,84605.6,C-BTC-88800-221125,37,148,1,36,P-BTC-78800-221125,43,172,1,42,78,TP Hit,TP Hit,0.972972973,0.976744186,1,1,2,166.4488211,0.027,0.023,0.0412587,0.0408457,0.0011151,0.0009499,0.0841694,1.9158306
2025-11-23 00:00:00,84630.3,C-BTC-86000-231125,49,196,196,-147,P-BTC-82400-231125,41,164,1,40,-107,SL Hit,TP Hit,-3,0.975609756,-3,1,-2,164.4488211,0.02,0.024,0.040474,0.0406392,0.161896,0.0009912,0.2440004,-2.2440004
2025-11-24 00:00:00,86947.1,C-BTC-89600-241125,113,452,1,112,P-BTC-81600-241125,35,140,1,34,146,TP Hit,TP Hit,0.991150442,0.971428571,1,1,2,166.4488211,0.009,0.029,0.0420021,0.0419195,0.0003717,0.0011977,0.085491,1.914509
2025-11-25 00:00:00,88626.1,C-BTC-90800-251125,104,416,1,103,P-BTC-85000-251125,55,220,1,54,157,TP Hit,TP Hit,0.990384615,0.981818182,1,1,2,168.4488211,0.01,0.018,0.042952,0.040887,0.000413,0.0007434,0.0849954,1.9150046
2025-11-26 00:00:00,87287.1,C-BTC-90000-261125,38,152,1,37,P-BTC-84000-261125,43,172,1,42,79,TP Hit,TP Hit,0.973684211,0.976744186,1,1,2,170.4488211,0.026,0.023,0.0408044,0.0408457,0.0010738,0.0009499,0.0836738,1.9163262
2025-11-27 00:00:00,90100.4,C-BTC-92400-271125,85,340,340,-255,P-BTC-87000-271125,46,184,1,45,-210,SL Hit,TP Hit,-3,0.97826087,-3,1,-2,168.4488211,0.012,0.022,0.042126,0.0417956,0.127582166,0.0009086,0.212412366,-2.212412366
2025-11-28 00:00:00,91696.2,C-BTC-95000-281125,33,132,1,32,P-BTC-88600-281125,41,164,1,40,72,TP Hit,TP Hit,0.96969697,0.975609756,1,1,2,170.4488211,0.03,0.024,0.040887,0.0406392,0.001239,0.0009912,0.0837564,1.9162436
2025-11-29 00:00:00,90849.6,C-BTC-92600-291125,36,144,1,35,P-BTC-88600-291125,44,176,1,43,78,TP Hit,TP Hit,0.972222222,0.977272727,1,1,2,172.4488211,0.028,0.023,0.0416304,0.0417956,0.0011564,0.0009499,0.0855323,1.9144677
2025-11-30 00:00:00,90662.8,C-BTC-92000-301125,35,140,1,34,P-BTC-89200-301125,44,176,1,43,77,TP Hit,TP Hit,0.971428571,0.977272727,1,1,2,174.4488211,0.029,0.023,0.0419195,0.0417956,0.0011977,0.0009499,0.0858627,1.9141373
2025-12-01 00:00:00,91436.6,C-BTC-93200-011225,96,384,1,95,P-BTC-88800-011225,36,144,144,-108,-13,TP Hit,SL Hit,0.989583333,-3,1,-3,-2,172.4488211,0.01,0.028,0.039648,0.0416304,0.000413,0.1665216,0.248213,-2.248213
2025-12-02 00:00:00,85254.8,C-BTC-88600-021225,46,184,1,45,P-BTC-81200-021225,55,220,1,54,99,TP Hit,TP Hit,0.97826087,0.981818182,1,1,2,174.4488211,0.022,0.018,0.0417956,0.040887,0.0009086,0.0007434,0.0843346,1.9156654
2025-12-03 00:00:00,91978.2,C-BTC-95200-031225,52,208,1,51,P-BTC-87200-031225,30,120,1,29,80,TP Hit,TP Hit,0.980769231,0.966666667,1,1,2,176.4488211,0.019,0.033,0.0408044,0.040887,0.0007847,0.0013629,0.083839,1.916161
2025-12-04 00:00:00,92668.3,C-BTC-95200-041225,78,312,1,77,P-BTC-89800-041225,39,156,1,38,115,TP Hit,TP Hit,0.987179487,0.974358974,1,1,2,178.4488211,0.013,0.026,0.0418782,0.0418782,0.0005369,0.0010738,0.0853671,1.9146329
2025-12-05 00:00:00,92129.1,C-BTC-94600-051225,51,204,1,50,P-BTC-89000-051225,58,232,1,57,107,TP Hit,TP Hit,0.980392157,0.982758621,1,1,2,180.4488211,0.02,0.017,0.042126,0.0407218,0.000826,0.0007021,0.0843759,1.9156241
2025-12-06 00:00:00,88877.2,C-BTC-91200-061225,35,140,1,34,P-BTC-86400-061225,69,276,1,68,102,TP Hit,TP Hit,0.971428571,0.985507246,1,1,2,182.4488211,0.029,0.014,0.0419195,0.0398958,0.0011977,0.0005782,0.0835912,1.9164088
2025-12-07 00:00:00,89653.3,C-BTC-91400-071225,40,160,1,39,P-BTC-88000-071225,35,140,1,34,73,TP Hit,TP Hit,0.975,0.971428571,1,1,2,184.4488211,0.025,0.029,0.0413,0.0419195,0.0010325,0.0011977,0.0854497,1.9145503
2025-12-08 00:00:00,91453.1,C-BTC-94000-081225,120,480,1,119,P-BTC-87200-081225,32,128,128,-96,23,TP Hit,SL Hit,0.991666667,-3,1,-3,-2,182.4488211,0.008,0.031,0.039648,0.0409696,0.0003304,0.1638784,0.2448264,-2.2448264
2025-12-09 00:00:00,89998.1,C-BTC-92800-091225,39.5,158,1,38.5,P-BTC-88000-091225,110,440,1,109,147.5,TP Hit,TP Hit,0.974683544,0.990909091,1,1,2,184.4488211,0.025,0.009,0.04078375,0.040887,0.0010325,0.0003717,0.08307495,1.91692505
2025-12-10 00:00:00,93870,C-BTC-96800-101225,45,180,1,44,P-BTC-90400-101225,31,124,1,30,74,TP Hit,TP Hit,0.977777778,0.967741935,1,1,2,186.4488211,0.022,0.032,0.040887,0.0409696,0.0009086,0.0013216,0.0840868,1.9159132
2025-12-11 00:00:00,92910.2,C-BTC-98400-111225,45,180,1,44,P-BTC-85600-111225,35,140,1,34,78,TP Hit,TP Hit,0.977777778,0.971428571,1,1,2,188.4488211,0.022,0.029,0.040887,0.0419195,0.0009086,0.0011977,0.0849128,1.9150872
2025-12-12 00:00:00,90797.7,C-BTC-94000-121225,39,156,156,-117,P-BTC-88200-121225,45,180,1,44,-73,SL Hit,TP Hit,-3,0.977777778,-3,1,-2,186.4488211,0.026,0.022,0.0418782,0.040887,0.1675128,0.0009086,0.2511866,-2.2511866
2025-12-13 00:00:00,90276.7,C-BTC-92400-131225,31,124,1,30,P-BTC-88000-131225,41,164,1,40,70,TP Hit,TP Hit,0.967741935,0.975609756,1,1,2,188.4488211,0.032,0.024,0.0409696,0.0406392,0.0013216,0.0009912,0.0839216,1.9160784
2025-12-14 00:00:00,90136.9,C-BTC-90400-141225,167,668,1,166,P-BTC-89000-141225,33,132,1,32,198,TP Hit,TP Hit,0.994011976,0.96969697,1,1,2,190.4488211,0.006,0.03,0.0413826,0.040887,0.0002478,0.001239,0.0837564,1.9162436
2025-12-15 00:00:00,88954.8,C-BTC-92200-151225,46,184,1,45,P-BTC-86400-151225,122,488,1,121,166,TP Hit,TP Hit,0.97826087,0.991803279,1,1,2,192.4488211,0.022,0.008,0.0417956,0.0403088,0.0009086,0.0003304,0.0833434,1.9166566
2025-12-16 00:00:00,86171.7,C-BTC-89800-161225,32,128,1,31,P-BTC-83600-161225,88,352,1,87,118,TP Hit,TP Hit,0.96875,0.988636364,1,1,2,194.4488211,0.031,0.011,0.0409696,0.0399784,0.0012803,0.0004543,0.0826826,1.9173174
2025-12-17 00:00:00,87770.1,C-BTC-90000-171225,46,184,1,45,P-BTC-85200-171225,39,156,1,38,83,TP Hit,TP Hit,0.97826087,0.974358974,1,1,2,196.4488211,0.022,0.026,0.0417956,0.0418782,0.0009086,0.0010738,0.0856562,1.9143438
2025-12-18 00:00:00,85784.2,C-BTC-88800-181225,43,172,1,42,P-BTC-82000-181225,59,236,1,58,100,TP Hit,TP Hit,0.976744186,0.983050847,1,1,2,198.4488211,0.023,0.017,0.0408457,0.0414239,0.0009499,0.0007021,0.0839216,1.9160784
2025-12-19 00:00:00,85896,C-BTC-89000-191225,41,164,164,-123,P-BTC-81000-191225,35,140,1,34,-89,SL Hit,TP Hit,-3,0.971428571,-3,1,-2,196.4488211,0.024,0.029,0.0406392,0.0419195,0.1625568,0.0011977,0.2463132,-2.2463132
2025-12-20 00:00:00,87164.4,C-BTC-89200-201225,55,220,1,54,P-BTC-84000-201225,40,160,1,39,93,TP Hit,TP Hit,0.981818182,0.975,1,1,2,198.4488211,0.018,0.025,0.040887,0.0413,0.0007434,0.0010325,0.0839629,1.9160371
2025-12-21 00:00:00,88235.1,C-BTC-89600-211225,38,152,1,37,P-BTC-87600-211225,78,312,1,77,114,TP Hit,TP Hit,0.973684211,0.987179487,1,1,2,200.4488211,0.026,0.013,0.0408044,0.0418782,0.0010738,0.0005369,0.0842933,1.9157067
2025-12-22 00:00:00,88468.5,C-BTC-91600-221225,35,140,140,-105,P-BTC-85200-221225,30,120,1,29,-76,SL Hit,TP Hit,-3,0.966666667,-3,1,-2,198.4488211,0.029,0.033,0.0419195,0.040887,0.167678,0.0013629,0.2518474,-2.2518474
2025-12-23 00:00:00,89080.1,C-BTC-91400-231225,40,160,1,39,P-BTC-86400-231225,32,128,1,31,70,TP Hit,TP Hit,0.975,0.96875,1,1,2,200.4488211,0.025,0.031,0.0413,0.0409696,0.0010325,0.0012803,0.0845824,1.9154176
2025-12-24 00:00:00,87992.6,C-BTC-89600-241225,57,228,1,56,P-BTC-86200-241225,71,284,1,70,126,TP Hit,TP Hit,0.98245614,0.985915493,1,1,2,202.4488211,0.018,0.014,0.0423738,0.0410522,0.0007434,0.0005782,0.0847476,1.9152524
2025-12-25 00:00:00,87444,C-BTC-88600-251225,50,200,1,49,P-BTC-86000-251225,51,204,1,50,99,TP Hit,TP Hit,0.98,0.980392157,1,1,2,204.4488211,0.02,0.02,0.0413,0.042126,0.000826,0.000826,0.085078,1.914922
2025-12-26 00:00:00,88241.1,C-BTC-88800-261225,198,792,792,-594,P-BTC-86200-261225,57,228,1,56,-538,SL Hit,TP Hit,-3,0.98245614,-3,1,-2,202.4488211,0.005,0.018,0.040887,0.0423738,0.052062249,0.0007434,0.136066449,-2.136066449
2025-12-27 00:00:00,87248.5,C-BTC-88400-271225,50,200,1,49,P-BTC-86000-271225,33,132,1,32,81,TP Hit,TP Hit,0.98,0.96969697,1,1,2,204.4488211,0.02,0.03,0.0413,0.040887,0.000826,0.001239,0.084252,1.915748
2025-12-28 00:00:00,87506.8,C-BTC-88000-281225,84,336,1,83,P-BTC-87000-281225,43,172,1,42,125,TP Hit,TP Hit,0.988095238,0.976744186,1,1,2,206.4488211,0.012,0.023,0.0416304,0.0408457,0.0004956,0.0009499,0.0839216,1.9160784
2025-12-29 00:00:00,87607.2,C-BTC-89600-291225,36,144,144,-108,P-BTC-86600-291225,117,468,1,116,8,SL Hit,TP Hit,-3,0.991452991,-3,1,-2,204.4488211,0.028,0.009,0.0416304,0.0434889,0.1665216,0.0003717,0.2520126,-2.2520126
2025-12-30 00:00:00,87489.5,C-BTC-89200-301225,57,228,1,56,P-BTC-85200-301225,34,136,1,33,89,TP Hit,TP Hit,0.98245614,0.970588235,1,1,2,206.4488211,0.018,0.029,0.0423738,0.0407218,0.0007434,0.0011977,0.0850367,1.9149633
2025-12-31 00:00:00,88240.3,C-BTC-90600-311225,38,152,1,37,P-BTC-86400-311225,55,220,1,54,91,TP Hit,TP Hit,0.973684211,0.981818182,1,1,2,208.4488211,0.026,0.018,0.0408044,0.040887,0.0010738,0.0007434,0.0835086,1.9164914
2026-01-01 00:00:00,87774.7,C-BTC-89800-010126,35,140,1,34,P-BTC-85600-010126,35,140,1,34,68,TP Hit,TP Hit,0.971428571,0.971428571,1,1,2,210.4488211,0.029,0.029,0.0419195,0.0419195,0.0011977,0.0011977,0.0862344,1.9137656
2026-01-02 00:00:00,88194.4,C-BTC-89400-020126,39,156,156,-117,P-BTC-87000-020126,35,140,1,34,-83,SL Hit,TP Hit,-3,0.971428571,-3,1,-2,208.4488211,0.026,0.029,0.0418782,0.0419195,0.1675128,0.0011977,0.2525082,-2.2525082
2026-01-03 00:00:00,89736.5,C-BTC-91800-030126,30,120,1,29,P-BTC-88200-030126,49,196,1,48,77,TP Hit,TP Hit,0.966666667,0.979591837,1,1,2,210.4488211,0.033,0.02,0.040887,0.040474,0.0013629,0.000826,0.0835499,1.9164501
2026-01-04 00:00:00,90132.4,C-BTC-91000-040126,49,196,196,-147,P-BTC-89400-040126,54,216,1,53,-94,SL Hit,TP Hit,-3,0.981481481,-3,1,-2,208.4488211,0.02,0.019,0.040474,0.0423738,0.161896,0.0007847,0.2455285,-2.2455285
2026-01-05 00:00:00,91206.4,C-BTC-93600-050126,38,152,152,-114,P-BTC-88400-050126,32,128,1,31,-83,SL Hit,TP Hit,-3,0.96875,-3,1,-2,206.4488211,0.026,0.031,0.0408044,0.0409696,0.1632176,0.0012803,0.2462719,-2.2462719
2026-01-06 00:00:00,94357,C-BTC-96000-060126,106,424,1,105,P-BTC-91800-060126,38,152,1,37,142,TP Hit,TP Hit,0.990566038,0.973684211,1,1,2,208.4488211,0.009,0.026,0.0394002,0.0408044,0.0003717,0.0010738,0.0816501,1.9183499
2026-01-07 00:00:00,91994.2,C-BTC-94800-070126,31,124,124,-93,P-BTC-89600-070126,44,176,1,43,-50,SL Hit,TP Hit,-3,0.977272727,-3,1,-2,206.4488211,0.032,0.023,0.0409696,0.0417956,0.1638784,0.0009499,0.2475935,-2.2475935
2026-01-08 00:00:00,90910.1,C-BTC-93600-080126,36,144,1,35,P-BTC-88800-080126,58,232,1,57,92,TP Hit,TP Hit,0.972222222,0.982758621,1,1,2,208.4488211,0.028,0.017,0.0416304,0.0407218,0.0011564,0.0007021,0.0842107,1.9157893
2026-01-09 00:00:00,91031.5,C-BTC-92800-090126,48,192,1,47,P-BTC-89000-090126,61,244,1,60,107,TP Hit,TP Hit,0.979166667,0.983606557,1,1,2,210.4488211,0.021,0.016,0.0416304,0.0403088,0.0008673,0.0006608,0.0834673,1.9165327
2026-01-10 00:00:00,90730.2,C-BTC-92200-100126,39,156,1,38,P-BTC-88800-100126,30,120,1,29,67,TP Hit,TP Hit,0.974358974,0.966666667,1,1,2,212.4488211,0.026,0.033,0.0418782,0.040887,0.0010738,0.0013629,0.0852019,1.9147981
2026-01-11 00:00:00,90594.2,C-BTC-91000-110126,88,352,1,87,P-BTC-90000-110126,53,212,1,52,139,TP Hit,TP Hit,0.988636364,0.981132075,1,1,2,214.4488211,0.011,0.019,0.0399784,0.0415891,0.0004543,0.0007847,0.0828065,1.9171935
2026-01-12 00:00:00,90890.6,C-BTC-92800-120126,42,168,168,-126,P-BTC-89200-120126,52,208,1,51,-75,SL Hit,TP Hit,-3,0.980769231,-3,1,-2,212.4488211,0.024,0.019,0.0416304,0.0408044,0.1665216,0.0007847,0.2497411,-2.2497411
2026-01-13 00:00:00,91548.3,C-BTC-93600-130126,33,132,1,32,P-BTC-89400-130126,35,140,1,34,66,TP Hit,TP Hit,0.96969697,0.971428571,1,1,2,214.4488211,0.03,0.029,0.040887,0.0419195,0.001239,0.0011977,0.0852432,1.9147568
2026-01-14 00:00:00,93671.2,C-BTC-95200-140126,55,220,220,-165,P-BTC-91000-140126,40,160,1,39,-126,SL Hit,TP Hit,-3,0.975,-3,1,-2,212.4488211,0.018,0.025,0.040887,0.0413,0.163548,0.0010325,0.2467675,-2.2467675
2026-01-15 00:00:00,96741.5,C-BTC-99600-150126,40,160,1,39,P-BTC-94200-150126,44,176,1,43,82,TP Hit,TP Hit,0.975,0.977272727,1,1,2,214.4488211,0.025,0.023,0.0413,0.0417956,0.0010325,0.0009499,0.085078,1.914922
2026-01-16 00:00:00,95770,C-BTC-98400-160126,39,156,1,38,P-BTC-93000-160126,32,128,1,31,69,TP Hit,TP Hit,0.974358974,0.96875,1,1,2,216.4488211,0.026,0.031,0.0418782,0.0409696,0.0010738,0.0012803,0.0852019,1.9147981
2026-01-17 00:00:00,94969,C-BTC-95800-170126,30,120,120,-90,P-BTC-94000-170126,44,176,1,43,-47,SL Hit,TP Hit,-3,0.977272727,-3,1,-2,214.4488211,0.033,0.023,0.040887,0.0417956,0.163548,0.0009499,0.2471805,-2.2471805
2026-01-18 00:00:00,95417.9,C-BTC-96000-180126,50,200,1,49,P-BTC-95000-180126,54,216,216,-162,-113,TP Hit,SL Hit,0.98,-3,1,-3,-2,212.4488211,0.02,0.019,0.0413,0.0423738,0.000826,0.1694952,0.253995,-2.253995
2026-01-19 00:00:00,95482.6,C-BTC-97200-190126,55,220,1,54,P-BTC-93800-190126,53,212,212,-159,-105,TP Hit,SL Hit,0.981818182,-3,1,-3,-2,210.4488211,0.018,0.019,0.040887,0.0415891,0.0007434,0.1663564,0.2495759,-2.2495759
2026-01-20 00:00:00,93079.4,C-BTC-94800-200126,31,124,1,30,P-BTC-90800-200126,50,200,200,-150,-120,TP Hit,SL Hit,0.967741935,-3,1,-3,-2,208.4488211,0.032,0.02,0.0409696,0.0413,0.0013216,0.1652,0.2487912,-2.2487912
2026-01-21 00:00:00,89585.8,C-BTC-91600-210126,48,192,1,47,P-BTC-87600-210126,124,496,1,123,170,TP Hit,TP Hit,0.979166667,0.991935484,1,1,2,210.4488211,0.021,0.008,0.0416304,0.0409696,0.0008673,0.0003304,0.0837977,1.9162023
2026-01-22 00:00:00,88480.2,C-BTC-91200-220126,31,124,124,-93,P-BTC-85200-220126,43,172,1,42,-51,SL Hit,TP Hit,-3,0.976744186,-3,1,-2,208.4488211,0.032,0.023,0.0409696,0.0408457,0.1638784,0.0009499,0.2466436,-2.2466436
2026-01-23 00:00:00,89278.5,C-BTC-91600-230126,35,140,1,34,P-BTC-86000-230126,69,276,1,68,102,TP Hit,TP Hit,0.971428571,0.985507246,1,1,2,210.4488211,0.029,0.014,0.0419195,0.0398958,0.0011977,0.0005782,0.0835912,1.9164088
2026-01-24 00:00:00,90490.1,C-BTC-91600-240126,33,132,1,32,P-BTC-89000-240126,42,168,168,-126,-94,TP Hit,SL Hit,0.96969697,-3,1,-3,-2,208.4488211,0.03,0.024,0.040887,0.0416304,0.001239,0.1665216,0.250278,-2.250278
2026-01-25 00:00:00,89394.9,C-BTC-90200-250126,36,144,1,35,P-BTC-88400-250126,38,152,152,-114,-79,TP Hit,SL Hit,0.972222222,-3,1,-3,-2,206.4488211,0.028,0.026,0.0416304,0.0408044,0.0011564,0.1632176,0.2468088,-2.2468088
2026-01-26 00:00:00,87483.8,C-BTC-90400-260126,32,128,1,31,P-BTC-85200-260126,139,556,1,138,169,TP Hit,TP Hit,0.96875,0.992805755,1,1,2,208.4488211,0.031,0.007,0.0409696,0.0401849,0.0012803,0.0002891,0.0827239,1.9172761
2026-01-27 00:00:00,88498,C-BTC-90400-270126,32,128,1,31,P-BTC-86000-270126,31,124,1,30,61,TP Hit,TP Hit,0.96875,0.967741935,1,1,2,210.4488211,0.031,0.032,0.0409696,0.0409696,0.0012803,0.0013216,0.0845411,1.9154589
2026-01-28 00:00:00,88235.2,C-BTC-90000-280126,54,216,216,-162,P-BTC-86200-280126,41,164,1,40,-122,SL Hit,TP Hit,-3,0.975609756,-3,1,-2,208.4488211,0.019,0.024,0.0423738,0.0406392,0.1694952,0.0009912,0.2534994,-2.2534994
2026-01-29 00:00:00,89627.9,C-BTC-92400-290126,56,224,1,55,P-BTC-86000-290126,33,132,1,32,87,TP Hit,TP Hit,0.982142857,0.96969697,1,1,2,210.4488211,0.018,0.03,0.0416304,0.040887,0.0007434,0.001239,0.0844998,1.9155002
2026-01-30 00:00:00,83456.2,C-BTC-86800-300126,33,132,1,32,P-BTC-79000-300126,67,268,1,66,98,TP Hit,TP Hit,0.96969697,0.985074627,1,1,2,212.4488211,0.03,0.015,0.040887,0.0415065,0.001239,0.0006195,0.084252,1.915748
2026-01-31 00:00:00,83931.8,C-BTC-87000-310126,30,120,1,29,P-BTC-80800-310126,37,148,1,36,65,TP Hit,TP Hit,0.966666667,0.972972973,1,1,2,214.4488211,0.033,0.027,0.040887,0.0412587,0.0013629,0.0011151,0.0846237,1.9153763